steamId,publisher
1623730,Pocketpair
252490,Facepunch Studios
275850,Hello Games
1326470,Newnight
346110,Studio Wildcard
346110,Snail Games USA
284160,BeamNG
221100,Bohemia Interactive
814380,Activision (Excluding Japan and Asia)
814380,"FromSoftware, Inc. (Japan)"
814380,方块游戏 (Asia)
413150,ConcernedApe
239140,Techland
739630,Kinetic Games
242760,Endnight Games Ltd
1144200,VOID Interactive
648800,Axolot Games
892970,Coffee Stain Publishing
107410,Bohemia Interactive
108600,The Indie Stone
105600,Re-Logic
2183900,Focus Entertainment
261550,TaleWorlds Entertainment
393380,Offworld
1142710,SEGA
1142710,Feral Interactive
526870,Coffee Stain Publishing
1966720,Zeekerss
381210,Behaviour Interactive Inc.
534380,Techland
294100,Ludeon Studios
427520,Wube Software LTD.
594650,Crytek
1145360,Supergiant Games
322330,Klei Entertainment
632360,Gearbox Publishing
548430,Coffee Stain Publishing
899770,Eleventh Hour Games
264710,Unknown Worlds Entertainment
251570,The Fun Pimps Entertainment LLC
391220,Crystal Dynamics
391220,Feral Interactive (Mac)
391220,Feral Interactive (Linux)
1604030,Stunlock Studios
524220,Square Enix
379430,Warhorse Studios
379430,Prime Matter
227300,SCS Software
1248130,Giants Software
2399830,Studio Wildcard
2399830,Snail Games USA
218620,Starbreeze Publishing AB
477160,Curve Games
268910,Studio MDHR Entertainment Inc.
779340,SEGA
779340,Feral Interactive (Mac)
779340,Feral Interactive (Linux)
703080,Frontier Developments
287700,KONAMI
244210,Kunos Simulazioni
356190,WB Games
594570,SEGA
594570,Feral Interactive (Mac)
594570,Feral Interactive (Linux)
367520,Team Cherry
1363080,Hooded Horse
1203620,Keen Games GmbH
457140,Klei Entertainment
225540,Square Enix
1282100,Arc Games
241930,Warner Bros. Interactive Entertainment
241930,Warner Bros. Games
588650,Motion Twin
364360,SEGA
364360,Feral Interactive (Linux)
364360,Feral Interactive (Mac)
632470,ZA/UM
312660,Rebellion
250900,"Nicalis, Inc."
1687950,SEGA
646570,Mega Crit
1868140,MINTROCKET
513710,Jagex Ltd
686810,Team17
361420,System Era Softworks
1361210,Fatshark
629760,Triternion
620980,Beat Games
220200,Private Division
2252570,SEGA
728880,Team17
1313140,Devolver Digital
1468810,鬼谷工作室
1468810,Lightning Games
1332010,Annapurna Interactive
648350,Frontier Developments
323190,11 bit studios
493340,Frontier Developments
493340,Aspyr (Mac)
286160,Berserk Games
518790,Expansive Worlds
815370,Creepy Jar
440900,Funcom
1145350,Supergiant Games
581320,Focus Entertainment
1222140,Quantic Dream
1677280,SEGA
617290,Arc Games
244850,Keen Software House
881020,"Cygames, Inc."
214950,SEGA
203160,Crystal Dynamics
203160,Feral Interactive (Mac)
232090,Tripwire Interactive
2344520,"Blizzard Entertainment, Inc."
1244460,Frontier Developments
1462040,Square Enix
211820,Chucklefish
552500,Fatshark
262060,Red Hook Studios
602960,Daedalic Entertainment
39210,Square Enix
960090,Ninja Kiwi
750920,Crystal Dynamics
750920,Feral Interactive (Mac)
750920,Feral interactive (Linux)
637650,Square Enix
1627720,NEOWIZ
787860,Giants Software
359320,Frontier Developments
389730,BANDAI NAMCO Entertainment
2161700,SEGA
201270,SEGA
201270,Feral Interactive (Mac)
201270,Feral Interactive (Linux)
613100,Frozen District
613100,PlayWay S.A.
337000,Eidos Interactive Corp.
337000,Feral Interactive (Linux)
337000,Feral Interactive (Mac)
668580,Focus Entertainment
668580,4Divinity
848450,Unknown Worlds Entertainment
851850,Bandai Namco Entertainment Inc.
433340,Monomi Park
1366540,Gamera Games
387990,Axolot Games
349040,BANDAI NAMCO Entertainment
270880,SCS Software
48700,TaleWorlds Entertainment
35140,WB Games
794260,Prime Matter
1304930,Red Barrels
231430,SEGA
231430,Feral Interactive (Mac)
231430,Feral Interactive (Linux)
204360,The Behemoth
1250,Tripwire Interactive
238320,Red Barrels
1401590,Gameloft
1527950,Shiro Games
1384160,Arc System Works
1465360,Focus Entertainment
208650,WB Games
1092790,Devolver Digital
466560,Shiro Games
954850,Private Division
200710,Arc Games
8190,Square Enix
1272080,Deep Silver
753640,Annapurna Interactive
680420,Square Enix
745920,Humble Games
1290000,Square Enix
214490,SEGA
214490,Feral Interactive (Mac)
214490,Feral Interactive (Linux)
1325200,"KOEI TECMO GAMES CO., LTD."
238090,Rebellion
221040,Capcom
2679460,SEGA
207610,Skybound Games
1657630,Monomi Park
324800,Devolver Digital
870780,505 Games
1562430,Team17
485510,"KOEI TECMO GAMES CO., LTD."
200260,WB Games
492720,Kalypso Media
228380,THQ Nordic
508440,Landfall
414700,Red Barrels
535930,SEGA
311690,Devolver Digital
1501750,CI Games
1139900,505 Games
1029690,Rebellion
206420,Deep Silver
367500,Capcom
41070,Devolver Digital
641990,Team17
282070,11 bit studios
286690,Deep Silver
1066780,Good Shepherd Entertainment
219740,Klei Entertainment
2072450,SEGA
1113000,SEGA
55230,Deep Silver
431240,Team17
325610,SEGA
1190000,PlayWay S.A.
578650,Private Division
1371980,Private Division
319630,Square Enix
319630,Feral interactive (Mac)
319630,Feral Interactive (Linux)
1135690,Humble Games
638970,SEGA
606880,Focus Entertainment
285190,SEGA
285190,Feral Interactive (Mac)
285190,Feral Interactive (Linux)
235540,Fatshark
544750,BANDAI NAMCO Entertainment
21690,Capcom
805550,505 Games
323470,BANDAI NAMCO Entertainment
235460,KONAMI
427290,Focus Entertainment
418240,Daedalic Entertainment
1113560,Square Enix
265550,Capcom
674940,Landfall
1940340,Red Hook Studios
752590,Focus Entertainment
1124300,SEGA
568220,ProjectMoon
2124490,KONAMI
35450,Tripwire Interactive
209000,Warner Bros. Interactive Entertainment
1971650,Square Enix
220440,Capcom
1147560,NEOWIZ
1850570,505 Games
10500,SEGA
10500,Feral Interactive (Mac)
10500,Feral Interactive (Linux)
1273400,astragon Entertainment
775500,BANDAI NAMCO Entertainment
666140,Focus Entertainment
33930,Bohemia Interactive
1088850,Eidos Interactive Corp.
627270,WB Games
675010,Focus Entertainment
692850,505 Games
359870,Square Enix
236430,BANDAI NAMCO Entertainment
236430,"FromSoftware, Inc."
997010,astragon Entertainment
1235140,SEGA
751780,Humble Games
645630,PlayWay S.A.
1307550,Pocketpair
32470,LucasArts
32470,Lucasfilm
32470,Disney
418460,Tripwire Interactive
921570,Square Enix
6060,Lucasfilm
6060,LucasArts
6060,Disney
788100,Team17
788100,Veewo Games
1601580,11 bit studios
289130,SEGA
1158160,Humble Games
1448440,"KOEI TECMO GAMES CO., LTD."
1448440,CE-Asia(Asia)
287390,Deep Silver
233130,Devolver Digital
1336490,Hooded Horse
599140,tinyBuild
1605220,Funcom
1605220,Shiro Games
527230,Curve Games
392110,SEGA
254700,Capcom
1268750,Offworld
411300,THQ Nordic
606280,THQ Nordic
274190,Devolver Digital
307690,Square Enix
307690,Feral Interactive (Mac)
858820,Gearbox Publishing
1210320,tinyBuild
239160,Eidos Interactive Corp.
239160,Feral Interactive (Mac)
517630,Square Enix
1451190,Deep Silver
302510,Crytek
1190970,Frozen District
756800,PlayWay S.A.
860510,BANDAI NAMCO Entertainment
55150,SEGA
1102190,Good Shepherd Entertainment
567640,"Spike Chunsoft Co., Ltd."
265930,Coffee Stain Publishing
774361,Team17
826630,Prime Matter
244160,Gearbox Publishing
244160,Aspyr (Mac)
626690,BANDAI NAMCO Entertainment
107100,Supergiant Games
460790,SEGA
1211630,"Jackbox Games, Inc."
238460,The Behemoth
1237320,SEGA
1089090,BANDAI NAMCO Entertainment
2515020,Square Enix
257510,Devolver Digital
257510,Croteam
301640,Rebellion
45760,Capcom
278080,"KOEI TECMO GAMES CO., LTD."
219150,Devolver Digital
712100,SEGA
712100,Feral Interactive (Mac)
712100,Feral Interactive (Linux)
34030,SEGA
34030,Feral Interactive (Mac)
32440,LucasArts
32440,Lucasfilm
32440,Disney
460950,Devolver Digital
816090,Focus Entertainment
238010,Eidos Interactive Corp.
274170,Devolver Digital
1490890,SEGA
1874880,Bohemia Interactive
1382330,SEGA
597180,Hooded Horse
1282730,Devolver Digital
595520,Square Enix
320240,Gearbox Publishing
32370,LucasArts
32370,Aspyr (Mac)
32370,Disney
32370,Lucasfilm
222480,Capcom
1121560,"KOEI TECMO GAMES CO., LTD."
803330,THQ Nordic
265300,CI Games
736220,Offworld
434170,"Jackbox Games, Inc."
589360,BANDAI NAMCO Entertainment
1161580,Focus Entertainment
960170,NEOWIZ
413410,"Spike Chunsoft Co., Ltd."
1256670,ProjectMoon
969990,THQ Nordic
1016920,Daedalic Entertainment
1084160,THQ Nordic
311340,KONAMI
429660,BANDAI NAMCO Entertainment
383150,Deep Silver
557340,Devolver Digital
934700,Deep Silver
2881650,Landfall
313160,Giants Software
1637320,Raw Fury
1182900,Focus Entertainment
330020,11 bit studios
1338770,CI Games
899440,BANDAI NAMCO Entertainment
704850,PlayWay S.A.
1789480,Team17
629820,Tripwire Interactive
374040,505 Games
261030,Skybound Games
32430,LucasArts
32430,Lucasfilm
32430,Disney
1150440,Focus Entertainment
979690,Curve Games
473690,Devolver Digital
872410,"KOEI TECMO GAMES CO., LTD."
710920,THQ Nordic
701160,Raw Fury
368070,CI Games
973580,CI Games
1337520,Gearbox Publishing
446800,Good Shepherd Entertainment
784150,Hooded Horse
1676840,Curve Games
730310,"KOEI TECMO GAMES CO., LTD."
298630,Team17
494840,PlayWay S.A.
332310,Warner Bros. Interactive Entertainment
885970,SEGA
554620,Square Enix
554620,Feral Interactive (Mac)
554620,Feral Interactive (Linux)
1288320,THQ Nordic
1761390,SEGA
790820,SEGA
867210,Coffee Stain Publishing
1065310,Focus Entertainment
1681430,Nacon
1295510,Square Enix
351970,BANDAI NAMCO Entertainment
593600,Snail Games USA
1608070,Square Enix
2375550,SEGA
1041720,THQ Nordic
413420,"Spike Chunsoft Co., Ltd."
1875830,SEGA
207140,tinyBuild
503940,Kalypso Media
378540,Focus Entertainment
927380,SEGA
610370,THQ Nordic
388410,THQ Nordic
237930,Supergiant Games
1718570,WhisperGames
834530,SEGA
512900,tinyBuild
257420,Devolver Digital
597820,THQ Nordic
248820,Gearbox Publishing
281610,Gearbox Publishing
501300,Annapurna Interactive
234080,KONAMI
683320,Devolver Digital
1672500,Bandai Namco Entertainment Inc.
606150,11 bit studios
412830,"Spike Chunsoft Co., Ltd."
39140,Square Enix
399810,Focus Entertainment
1449690,Skybound Games
2005010,Focus Entertainment
1669980,Gamera Games
573100,Focus Entertainment
234670,BANDAI NAMCO Entertainment
249130,Warner Bros. Interactive Entertainment
736820,THQ Nordic
601050,"KOEI TECMO GAMES CO., LTD."
2071280,Nacon
953490,Devolver Digital
294860,SEGA
515180,astragon Entertainment
578620,Devolver Digital
311290,THQ Nordic
520440,Arc System Works
607890,BANDAI NAMCO Entertainment
694280,Rebellion
1649080,SEGA
223100,Deep Silver
644830,Focus Entertainment
2552430,Square Enix
760060,Funcom
700600,Rebellion
1533420,Annapurna Interactive
1167450,XSEED Games
1167450,"Marvelous USA, Inc."
1167450,Marvelous
212480,SEGA
331600,BANDAI NAMCO Entertainment
228300,Capcom
1805480,SEGA
482400,Prime Matter
463530,Hooded Horse
463530,Slug Disco
292120,Square Enix
543460,Capcom
10680,SEGA
415200,SEGA
1740720,Arc Games
1902690,"KOEI TECMO GAMES CO., LTD."
536270,Private Division
1005300,"Jackbox Games, Inc."
532210,Square Enix
532210,Feral Interactive (Mac)
532210,Feral Interactive (Linux)
475150,THQ Nordic
236690,Nacon
936790,Square Enix
272510,BANDAI NAMCO Entertainment
728530,BANDAI NAMCO Entertainment
728530,株式会社バンダイナムコエンターテインメント
960990,Quantic Dream
208580,LucasArts
208580,Lucasfilm
208580,"Aspyr (Mac, Linux)"
601840,Klei Entertainment
1262350,Humble Games
1262350,PLAYISM
424840,BANDAI NAMCO Entertainment
529180,Snail Games USA
814000,Bandai Namco Entertainment Inc.
363150,"KOEI TECMO GAMES CO., LTD."
258970,WB Games
45740,Capcom
1937780,SEGA
1164940,Team17
521890,tinyBuild
1715130,Crytek
1072420,Square Enix
2058190,SEGA
34870,CI Games
638230,Annapurna Interactive
6000,LucasArts
6000,Lucasfilm
6000,Disney
21100,Warner Bros. Interactive Entertainment
384190,505 Games
1061910,Funcom
1030210,Arc Games
2114740,Team17
373930,Kalypso Media
897450,Team17
49540,SEGA
377840,Square Enix
1931770,Focus Entertainment
9420,Square Enix
960690,Humble Games
960690,Maple Whispering Limited
397950,tinyBuild
2058180,SEGA
1099410,SEGA
1099410,Feral Interactive (Mac)
1557740,Landfall
249050,SEGA
21130,Warner Bros. Interactive Entertainment
363680,Focus Entertainment
831560,"KOEI TECMO GAMES CO., LTD."
894020,Devolver Digital
1176470,Hooded Horse
438490,BANDAI NAMCO Entertainment
464060,Devolver Digital
4920,Unknown Worlds Entertainment
242700,Warner Bros. Interactive Entertainment
1090630,XSEED Games
1090630,"Marvelous USA, Inc."
1840080,Gearbox Publishing
924980,Square Enix
536220,Skybound Games
301910,Deep Silver
1257290,"KOEI TECMO GAMES CO., LTD."
41500,Arc Games
1811990,Chucklefish
210770,Coffee Stain Publishing
848350,BANDAI NAMCO Entertainment
610180,"Jackbox Games, Inc."
835960,Devolver Digital
559100,Good Shepherd Entertainment
1593030,Devolver Digital
857980,Humble Games
320300,PlayWay S.A.
9480,Deep Silver
859570,tinyBuild
312670,Rebellion
449800,"KOEI TECMO GAMES CO., LTD."
327030,Team17
1222370,Focus Entertainment
1566690,Lightning Games
1202130,Slitherine Ltd.
861650,Nacon
607050,Chucklefish
1466640,Deep Silver
360170,505 Games
291860,The Behemoth
65540,THQ Nordic
311260,THQ Nordic
34270,SEGA
1624540,Annapurna Interactive
2287220,Frontier Developments
71340,SEGA
438640,Warner Bros. Interactive Entertainment
438640,Feral Interactive (Mac)
233290,Square Enix
200900,"Nicalis, Inc."
977880,Chucklefish
48720,TaleWorlds Entertainment
2238900,Square Enix
249230,THQ Nordic
1009290,BANDAI NAMCO Entertainment
213610,SEGA
276810,Nacon
1009560,Frozen District
505230,tinyBuild
960910,Quantic Dream
948740,"Spike Chunsoft Co., Ltd."
208140,SEGA
1850510,Square Enix
1358700,Square Enix
511680,XSEED Games
511680,"Marvelous USA, Inc."
511680,Marvelous
1227530,Daedalic Entertainment
251150,XSEED Games
251150,"Marvelous USA, Inc."
480650,KONAMI
1451090,Square Enix
1562700,NEOWIZ
978780,XSEED Games
978780,"Marvelous USA, Inc."
978780,Marvelous
443810,THQ Nordic
451020,THQ Nordic
1356670,XSEED Games
1356670,"Marvelous USA, Inc."
333950,Keen Software House
225080,505 Games
1857090,Hooded Horse
1267910,Jagex Ltd
1680880,Square Enix
352400,Warner Bros. Interactive Entertainment
1150640,KONAMI
1999770,"KOEI TECMO GAMES CO., LTD."
814370,Team17
1469610,THQ Nordic
1291340,Raw Fury
613830,Square Enix
427190,Capcom
798460,BANDAI NAMCO Entertainment
405310,Warner Bros. Interactive Entertainment
405310,Feral Interactive (Mac)
460810,SEGA
1874490,XSEED Games
1874490,"Marvelous USA, Inc."
1295500,Slitherine Ltd.
32510,LucasArts
32510,Lucasfilm
32510,Disney
1123770,Focus Entertainment
496300,Raw Fury
4700,SEGA
4700,Feral Interactive (Mac)
4700,Feral Interactive (Linux)
2060130,Devolver Digital
243970,Klei Entertainment
40100,Square Enix
1259790,SEGA
538680,XSEED Games
538680,"Marvelous USA, Inc."
289950,astragon Entertainment
1265920,Square Enix
214510,Warner Bros. Interactive Entertainment
462770,Supergiant Games
798490,Focus Entertainment
502280,"KOEI TECMO GAMES CO., LTD."
501590,Gearbox Publishing
1216060,NEXON
489630,Slitherine Ltd.
803050,Raw Fury
976590,astragon Entertainment
1321440,Raw Fury
2437170,Hi-Rez Studios
226720,Capcom
250400,505 Games
1058650,Offworld
1658280,505 Games
688420,Raw Fury
214340,Daedalic Entertainment
239250,KONAMI
552700,Square Enix
407130,PlayWay S.A.
1413480,SEGA
958400,BANDAI NAMCO Entertainment
15620,SEGA
15620,Feral Interactive (Mac/Linux)
893180,SEGA
405710,Humble Games
2144740,505 Games
6910,Eidos Interactive Corp.
304530,Deep Silver
987840,THQ Nordic
1408610,Expansive Worlds
774241,Nacon
1493640,Focus Entertainment
420560,astragon Entertainment
345350,Square Enix
502800,XSEED Games
502800,"Marvelous USA, Inc."
502800,Marvelous
738540,BANDAI NAMCO Entertainment
543900,KONAMI
2591280,Frontier Developments
1643310,Kalypso Media
327890,tinyBuild
394310,tinyBuild
1288310,Gamera Games
1552350,"Jackbox Games, Inc."
628070,"KOEI TECMO GAMES CO., LTD."
2096610,Crytek
1485590,SEGA
1286580,Team17
1794960,SEGA
1097200,Annapurna Interactive
674500,505 Games
477740,"Spike Chunsoft Co., Ltd."
544610,Slitherine Ltd.
2490990,Square Enix
340170,Square Enix
462780,THQ Nordic
32500,LucasArts
32500,Lucasfilm
32500,Disney
785740,THQ Nordic
866800,Skybound Games
292140,Square Enix
2096600,Crytek
376300,Arc System Works
1332720,PlayWay S.A.
622220,XSEED Games
622220,"Marvelous USA, Inc."
622220,Marvelous
747200,Gamera Games
425220,BANDAI NAMCO Entertainment
1000010,Team17
1000010,NEXT Studios
1150530,Devolver Digital
807120,Daedalic Entertainment
819030,"Spike Chunsoft Co., Ltd."
764790,Devolver Digital
557600,Annapurna Interactive
628670,tinyBuild
2477340,Focus Entertainment
1147550,tinyBuild
1343240,Team17
637100,SEGA
973810,505 Games
755500,BANDAI NAMCO Entertainment
355790,Nacon
220260,Giants Software
555950,"Spike Chunsoft Co., Ltd."
1700870,Hooded Horse
1809700,SEGA
1644320,Kalypso Media
915810,Coffee Stain Publishing
218680,Warner Bros. Interactive Entertainment
742420,Deep Silver
1088710,SEGA
55100,Deep Silver
495140,BANDAI NAMCO Entertainment
2015270,Klei Entertainment
1063420,Focus Entertainment
32360,LucasArts
32360,Lucasfilm
32360,Disney
445190,THQ Nordic
421170,505 Games
227100,Rebellion
979120,Curve Games
40300,THQ Nordic
306020,Ninja Kiwi
1696810,astragon Entertainment
871980,Bandai Namco Entertainment Inc.
249650,Daedalic Entertainment
702890,Arc System Works
1173820,Square Enix
978300,Deep Silver
785260,SEGA
261470,Slitherine Ltd.
1220140,tinyBuild
1658150,Raw Fury
1702330,XSEED Games
1702330,"Marvelous USA, Inc."
1702330,Marvelous
428550,PLAYISM
2254740,SEGA
338390,Focus Entertainment
1173810,Square Enix
761830,PlayWay S.A.
761830,Rejected Games
2223840,Behaviour Interactive Inc.
1072040,Slitherine Ltd.
372360,BANDAI NAMCO Entertainment
696170,XSEED Games
696170,"Marvelous USA, Inc."
696170,Marvelous
1880330,Gamera Games
1732190,"KOEI TECMO GAMES CO., LTD."
204340,Devolver Digital
397460,"Jackbox Games, Inc."
1227280,tinyBuild
356570,tinyBuild
996770,Team17
1161590,tinyBuild
551730,"KOEI TECMO GAMES CO., LTD."
1058450,BANDAI NAMCO Entertainment
538030,Hooded Horse
1163550,BANDAI NAMCO Entertainment
731040,11 bit studios
1816300,Square Enix
1249970,Nacon
39150,Square Enix
900040,THQ Nordic
1879330,"KOEI TECMO GAMES CO., LTD."
1214470,Focus Entertainment
375450,"KOEI TECMO GAMES CO., LTD."
1531540,Slitherine Ltd.
1602010,SEGA
311240,"Spike Chunsoft Co., Ltd."
1287840,Kalypso Media
1205970,THQ Nordic
1731070,tinyBuild
1446650,Square Enix
333980,XSEED Games
333980,"Marvelous USA, Inc."
546050,SEGA
411830,XSEED Games
411830,"Marvelous USA, Inc."
411830,Marvelous
768520,505 Games
649950,Annapurna Interactive
1214650,THQ Nordic
1283400,Nacon
6020,LucasArts
6020,Lucasfilm
6020,Disney
1076160,Slitherine Ltd.
1351240,Nacon
313010,Focus Entertainment
964800,Humble Games
1422130,PlayWay S.A.
304730,Good Shepherd Entertainment
572890,Devolver Digital
801630,Arc System Works
1480560,Curve Games
1153640,Deep Silver
1477070,Gamera Games
1233260,"KOEI TECMO GAMES CO., LTD."
1497440,Annapurna Interactive
1839950,Slitherine Ltd.
1097350,Devolver Digital
207350,XSEED Games
71250,SEGA
19000,KONAMI
237630,Capcom
214870,Prime Matter
829590,Daedalic Entertainment
537800,Curve Games
990630,Hello Games
1580780,"KOEI TECMO GAMES CO., LTD."
1388590,SEGA
233470,Shiro Games
860950,Klei Entertainment
261110,Deep Silver
1449200,"Spike Chunsoft Co., Ltd."
850190,Coffee Stain Publishing
1016950,Nacon
637670,Square Enix
493840,Capcom
702670,Annapurna Interactive
2022670,SEGA
1266700,THQ Nordic
1785150,Raw Fury
520950,505 Games
1310410,THQ Nordic
1026680,Square Enix
1172450,Humble Games
1172450,XD
748490,XSEED Games
748490,"Marvelous USA, Inc."
1877020,Bandai Namco Entertainment Inc.
8000,Crystal Dynamics
1621310,"KOEI TECMO GAMES CO., LTD."
410850,Square Enix
1341200,"KOEI TECMO GAMES CO., LTD."
1036890,Devolver Digital
2076010,Arc System Works
1101120,PlayWay S.A.
9350,Square Enix
825630,"Spike Chunsoft Co., Ltd."
821880,PLAYISM
1920490,Private Division
239120,Square Enix
245280,BANDAI NAMCO Entertainment
246580,SEGA
251290,XSEED Games
251290,"Marvelous USA, Inc."
873940,Humble Games
2198510,Daedalic Entertainment
798510,BANDAI NAMCO Entertainment
41000,Devolver Digital
566440,Focus Entertainment
1194810,Behaviour Interactive Inc.
1580240,XSEED Games
1580240,"Marvelous USA, Inc."
1580240,Marvelous
1581770,THQ Nordic
411370,Arc System Works
1291010,Daedalic Entertainment
267530,Warner Bros. Interactive Entertainment
465240,Devolver Digital
465240,Croteam
1462810,Nacon
243930,Focus Entertainment
1436700,THQ Nordic
976890,Daedalic Entertainment
1230530,Focus Entertainment
887570,Hooded Horse
574050,Square Enix
1684350,11 bit studios
1122340,Nacon
435530,tinyBuild
1173770,Square Enix
1282150,THQ Nordic
34010,SEGA
234270,Daedalic Entertainment
270850,PlayWay S.A.
2106840,Square Enix
1422440,Hooded Horse
297130,Devolver Digital
1953520,Nacon
1850960,"Jackbox Games, Inc."
1903620,Team17
2933080,505 Games
461950,11 bit studios
1776380,Square Enix
1844380,Frontier Developments
1920780,Humble Games
1368030,Lightning Games
312750,Square Enix
404680,Arc Games
249870,Warner Bros. Interactive Entertainment
441830,Square Enix
32460,LucasArts
32460,Lucasfilm
32460,Disney
1105500,SEGA
1591530,"KOEI TECMO GAMES CO., LTD."
307670,Good Shepherd Entertainment
1143810,tinyBuild
285160,Warner Bros. Interactive Entertainment
285160,Feral Interactive (Mac)
757310,Raw Fury
55110,Deep Silver
1580790,"KOEI TECMO GAMES CO., LTD."
1024650,Kalypso Media
495560,PlayWay S.A.
495560,Sim Farm S.A.
2216830,"Jackbox Games, Inc."
243800,Jagex Ltd
313690,WB Games
1105510,SEGA
927350,Focus Entertainment
817540,THQ Nordic
651670,Raw Fury
1777620,SEGA
2131630,KONAMI
1176710,Curve Games
667720,Deep Silver
589780,Devolver Digital
585450,Kalypso Media
2380050,Raw Fury
1979440,Bandai Namco Entertainment Inc.
247950,THQ Nordic
628890,"KOEI TECMO GAMES CO., LTD."
311770,Disney
421050,Daedalic Entertainment
21000,Warner Bros. Interactive Entertainment
505170,THQ Nordic
621830,Nacon
2131650,KONAMI
1868180,SEGA
45770,Capcom
1494420,Bohemia Interactive
1913210,THQ Nordic
1913210,"All Elite Wrestling, LLC"
329440,SEGA
348470,"KOEI TECMO GAMES CO., LTD."
28000,Square Enix
728740,Rebellion
32330,LucasArts
32330,Lucasfilm
32330,Disney
366910,Daedalic Entertainment
2013360,Gameloft
758690,PlayWay S.A.
2552450,Square Enix
469820,Devolver Digital
361300,Devolver Digital
442780,Devolver Digital
829110,Warner Bros. Interactive Entertainment
829110,Feral Interactive (Mac)
1321680,tinyBuild
502370,Slitherine Ltd.
363440,Capcom
1173800,Square Enix
40390,THQ Nordic
889510,XSEED Games
889510,"Marvelous USA, Inc."
889510,Marvelous
1373960,11 bit studios
1073910,Team17
1579380,Daedalic Entertainment
998740,Humble Games
1078760,PlayWay S.A.
1078760,Play2Chill S.A.
292910,Daedalic Entertainment
22230,SEGA
921800,Prime Matter
2128940,Gamera Games
564230,"Spike Chunsoft Co., Ltd."
758330,SEGA
2063610,Nacon
312780,"Spike Chunsoft Co., Ltd."
3700,Rebellion
322520,"KOEI TECMO GAMES CO., LTD."
1058020,Lucasfilm
1058020,LucasArts
1058020,Disney
1173790,Square Enix
1244630,PlayWay S.A.
1244630,FreeMind S.A.
312370,Slitherine Ltd.
429570,Skybound Games
289930,astragon Entertainment
1901370,PLAYISM
2071500,Behaviour Interactive Inc.
1294420,Private Division
1658040,tinyBuild
938560,Chucklefish
738530,BANDAI NAMCO Entertainment
546430,Chucklefish
1154040,THQ Nordic
278360,Coffee Stain Publishing
991560,BANDAI NAMCO Entertainment
275670,Focus Entertainment
1701380,Nacon
363130,"KOEI TECMO GAMES CO., LTD."
403970,THQ Nordic
403970,EuroVideo Medien
233150,Devolver Digital
1062830,Curve Games
1123830,PlayWay S.A.
1123830,Sim Farm S.A.
1623070,Slitherine Ltd.
1340480,Devolver Digital
436670,XSEED Games
436670,"Marvelous USA, Inc."
1612770,Team17
113020,Humble Games
774461,"Jackbox Games, Inc."
2358260,Nacon
1329500,tinyBuild
1072500,Nacon
1265930,Square Enix
1371720,Devolver Digital
2130460,"KOEI TECMO GAMES CO., LTD."
1082430,Skybound Games
1018800,PLAYISM
383180,Deep Silver
1380420,505 Games
1423600,"KOEI TECMO GAMES CO., LTD."
244030,Bohemia Interactive
4570,SEGA
223810,XSEED Games
1392960,XSEED Games
1392960,"Marvelous USA, Inc."
1392960,Marvelous
7000,Crystal Dynamics
55140,THQ Nordic
314790,Daedalic Entertainment
382140,Daedalic Entertainment
1076200,Nacon
434460,SEGA
434050,Gearbox Publishing
1472560,Curve Games
1267540,Nacon
1019550,PlayWay S.A.
1019550,GameBoom VR
1659600,KONAMI
757320,Raw Fury
1324340,"Spike Chunsoft Co., Ltd."
280180,Nacon
236450,BANDAI NAMCO Entertainment
607880,BANDAI NAMCO Entertainment
235210,Capcom
965230,BANDAI NAMCO Entertainment
1792250,Devolver Digital
1810820,SEGA
1924490,Arc Games
203750,SEGA
989440,Devolver Digital
6510,Capcom
1025440,Slitherine Ltd.
57740,THQ Nordic
363090,"KOEI TECMO GAMES CO., LTD."
2514960,PLAYISM
4560,SEGA
1178220,Slitherine Ltd.
1502970,"KOEI TECMO GAMES CO., LTD."
628060,"KOEI TECMO GAMES CO., LTD."
227600,SEGA
809890,SEGA
1866180,Behaviour Interactive Inc.
256190,CI Games
520940,THQ Nordic
363600,Daedalic Entertainment
363600,Daylight Studios
1716120,"KOEI TECMO GAMES CO., LTD."
922500,Arc System Works
1282410,Good Shepherd Entertainment
207320,XSEED Games
979070,Curve Games
981750,"Spike Chunsoft Co., Ltd."
543870,BANDAI NAMCO Entertainment
334310,NEOWIZ
6030,LucasArts
6030,Lucasfilm
6030,Disney
231140,Focus Entertainment
474750,Devolver Digital
1608290,PLAYISM
1173780,Square Enix
619780,Devolver Digital
1532690,Focus Entertainment
609150,Square Enix
648580,"Spike Chunsoft Co., Ltd."
1627570,Devolver Digital
671970,PlayWay S.A.
1369760,"KOEI TECMO GAMES CO., LTD."
368620,Chucklefish
1122720,Annapurna Interactive
331870,Daedalic Entertainment
841190,Team17
34830,CI Games
8140,Crystal Dynamics
552450,Devolver Digital
552450,Croteam
1196090,Prime Matter
906100,Devolver Digital
919370,Pocketpair
1209490,Devolver Digital
1042490,Raw Fury
502820,Warner Bros. Interactive Entertainment
1808680,Raw Fury
255070,SEGA
1347970,Curve Games
331670,"Jackbox Games, Inc."
552440,Devolver Digital
552440,Croteam Publishing
237430,THQ Nordic
39160,Square Enix
22100,TaleWorlds Entertainment
1100410,Kalypso Media
225640,THQ Nordic
622720,Devolver Digital
230700,PLAYISM
366320,Focus Entertainment
39500,THQ Nordic
98400,Good Shepherd Entertainment
2014380,Square Enix
936160,"KOEI TECMO GAMES CO., LTD."
2369900,KONAMI
232750,Focus Entertainment
928960,Gearbox Publishing
2131640,KONAMI
1978590,Devolver Digital
1152300,"KOEI TECMO GAMES CO., LTD."
598550,Coffee Stain Publishing
203830,Daedalic Entertainment
219910,Daedalic Entertainment
572430,tinyBuild
1012840,Funcom
1737340,Lightning Games
274290,Devolver Digital
243200,Daedalic Entertainment
12320,THQ Nordic
1137750,PlayWay S.A.
1137750,FreeMind S.A.
824000,Team17
710470,BANDAI NAMCO Entertainment
970570,"Spike Chunsoft Co., Ltd."
1178400,Nacon
1492680,Annapurna Interactive
650510,KONAMI
934780,Curve Games
314710,Deep Silver
626610,Nacon
39680,THQ Nordic
39510,THQ Nordic
1747760,PLAYISM
1316910,SEGA
1133760,Square Enix
1647550,Square Enix
514310,XSEED Games
514310,"Marvelous USA, Inc."
514310,Marvelous
229480,Capcom
1179210,tinyBuild
610190,"KOEI TECMO GAMES CO., LTD."
407810,Good Shepherd Entertainment
2175540,Square Enix
452510,Arc System Works
90200,Giants Software
312840,Quantic Dream
39690,THQ Nordic
818320,Warner Bros. Interactive Entertainment
818320,Feral Interactive (Mac)
314830,Daedalic Entertainment
241910,Daedalic Entertainment
1161170,Gamera Games
224960,Crystal Dynamics
1013140,THQ Nordic
525920,Focus Entertainment
297860,Disney
1502990,"KOEI TECMO GAMES CO., LTD."
1963210,Square Enix
1420290,XSEED Games
1420290,"Marvelous USA, Inc."
1420290,Marvelous
658260,"KOEI TECMO GAMES CO., LTD."
482450,XSEED Games
482450,"Marvelous USA, Inc."
482450,Marvelous
1369370,Slitherine Ltd.
32380,LucasArts
32380,Lucasfilm
32380,Disney
1175830,Square Enix
6880,Square Enix
840720,BANDAI NAMCO Entertainment
587110,XSEED Games
587110,"Marvelous USA, Inc."
351920,Daedalic Entertainment
1502980,"KOEI TECMO GAMES CO., LTD."
392470,"KOEI TECMO GAMES CO., LTD."
2131680,KONAMI
706020,THQ Nordic
1057750,Daedalic Entertainment
2494350,Nacon
354160,Nacon
820630,Devolver Digital
274270,Devolver Digital
458770,Nacon
1761620,Team17
968790,"KOEI TECMO GAMES CO., LTD."
638650,BANDAI NAMCO Entertainment
756530,BANDAI NAMCO Entertainment
1173200,NEOWIZ
939100,Shiro Games
1011390,Slitherine Ltd.
1956040,Raw Fury
1390410,Humble Games
231330,THQ Nordic
35130,Crystal Dynamics
447150,Devolver Digital
300060,505 Games
282530,KONAMI
1502190,Curve Games
1054430,Daedalic Entertainment
2695490,Gaijin Network Ltd
1272010,Daedalic Entertainment
1367300,NEOWIZ
1178790,"Spike Chunsoft Co., Ltd."
1082180,Nacon
215160,THQ Nordic
20540,SEGA
230820,Daedalic Entertainment
292990,"KOEI TECMO GAMES CO., LTD."
91330,Deep Silver
1519090,Nacon
1113570,Square Enix
2008100,Slitherine Ltd.
628050,"KOEI TECMO GAMES CO., LTD."
213330,Warner Bros. Interactive Entertainment
2313020,"Cygames, Inc."
314810,Daedalic Entertainment
3720,Rebellion
1018010,KONAMI
267490,WB Games
301120,SEGA
1399080,Square Enix
1221250,Raw Fury
1069690,Nacon
687260,Square Enix
437630,Daedalic Entertainment
1249040,Raw Fury
266130,Good Shepherd Entertainment
266130,Devolver Digital
1045620,"KOEI TECMO GAMES CO., LTD."
1004750,Nacon
371520,Daedalic Entertainment
363110,"KOEI TECMO GAMES CO., LTD."
823950,505 Games
1154840,Slitherine Ltd.
355800,Focus Entertainment
819020,"Spike Chunsoft Co., Ltd."
1456940,tinyBuild
587100,XSEED Games
587100,"Marvelous USA, Inc."
348550,Arc System Works
699330,Humble Games
2085370,Team17
1159420,PlayWay S.A.
2008920,Annapurna Interactive
1296360,Humble Games
843200,The Behemoth
351510,"Jackbox Games, Inc."
983380,PlayWay S.A.
1522160,THQ Nordic
1069160,Raw Fury
1553000,Nacon
762830,Annapurna Interactive
1793030,Square Enix
730820,LucasArts
730820,Lucasfilm
730820,Disney
99300,SEGA
1612780,Square Enix
1155330,Good Shepherd Entertainment
865610,Raw Fury
952540,Square Enix
356500,Disney
356500,Lucasfilm
356500,LucasArts
1162130,Deep Silver
35000,Square Enix
1867530,Annapurna Interactive
204120,Warner Bros. Interactive Entertainment
905340,Devolver Digital
205950,SEGA
360740,Devolver Digital
2821800,tinyBuild
1599020,tinyBuild
312540,XSEED Games
312540,"Marvelous USA, Inc."
350310,"KOEI TECMO GAMES CO., LTD."
1273260,XSEED Games
1273260,"Marvelous USA, Inc."
256330,Nacon
2552440,Square Enix
1222300,PlayWay S.A.
567670,Devolver Digital
567670,Croteam Publishing
1190170,Private Division
350110,astragon Entertainment
9460,THQ Nordic
808910,Lucasfilm
808910,Disney
1072480,Nacon
541670,Disney
2243710,XSEED Games
2243710,"Marvelous USA, Inc."
2243710,Marvelous
1102130,Annapurna Interactive
995980,Humble Games
2055290,SEGA
2193540,Humble Games
943370,Team17
416210,Devolver Digital
43000,Square Enix
358090,PLAYISM
492230,Focus Entertainment
1074080,XSEED Games
1074080,"Marvelous USA, Inc."
1074080,Marvelous
1016790,Raw Fury
220740,Daedalic Entertainment
203650,SEGA
1868170,SEGA
283680,PLAYISM
20530,Deep Silver
929010,tinyBuild
408760,Nacon
1543280,PlayWay S.A.
2682580,tinyBuild
537340,tinyBuild
989690,Funcom
1744330,XSEED Games
1744330,"Marvelous USA, Inc."
1744330,Marvelous
1330660,Nacon
1767560,Nacon
284460,BANDAI NAMCO Entertainment
2719200,"KOEI TECMO GAMES CO., LTD."
4720,SEGA
714080,BANDAI NAMCO Entertainment
1233800,XSEED Games
1233800,"Marvelous USA, Inc."
1233800,Marvelous
251270,XSEED Games
251270,"Marvelous USA, Inc."
1812370,Square Enix
297120,Devolver Digital
1295270,Square Enix
287580,Slitherine Ltd.
1883260,"Cygames, Inc."
402020,Funcom
39550,THQ Nordic
1755580,"Jackbox Games, Inc."
446790,Good Shepherd Entertainment
845880,XSEED Games
845880,"Marvelous USA, Inc."
279940,THQ Nordic
35460,Tripwire Interactive
299950,BANDAI NAMCO Entertainment
297750,Slitherine Ltd.
1839880,Team17
1135910,Nacon
65740,Bohemia Interactive
349730,Humble Games
1263070,Devolver Digital
1269300,Jagex Ltd
558420,Devolver Digital
877010,Deep Silver
738550,Nacon
1859280,PLAYISM
202530,SEGA
966330,Annapurna Interactive
916730,Devolver Digital
1213750,PLAYISM
245370,Focus Entertainment
1069530,Team17
2436570,Square Enix
1770080,Raw Fury
226560,Deep Silver
102840,Klei Entertainment
527280,"KOEI TECMO GAMES CO., LTD."
842910,Arc System Works
1641700,Team17
6120,Klei Entertainment
1351210,Team17
970560,"Spike Chunsoft Co., Ltd."
1108000,Daedalic Entertainment
1658290,505 Games
1915380,Nacon
427510,"Spike Chunsoft Co., Ltd."
6010,LucasArts
6010,Lucasfilm
6010,Disney
346830,Square Enix
609920,Curve Games
230330,Square Enix
1502380,Slitherine Ltd.
2138090,"KOEI TECMO GAMES CO., LTD."
1663040,Team17
368730,tinyBuild
1062110,Humble Games
1152310,"KOEI TECMO GAMES CO., LTD."
370540,Slitherine Ltd.
1323470,KONAMI
787740,astragon Entertainment
483980,PLAYISM
1955230,Private Division
1277510,"Spike Chunsoft Co., Ltd."
416680,Good Shepherd Entertainment
232010,SCS Software
640590,Warner Bros. Interactive Entertainment
263620,PLAYISM
1200,Tripwire Interactive
3730,Rebellion
998400,PlayWay S.A.
34190,SEGA
2337630,Nacon
268400,Slitherine Ltd.
936140,Nacon
289690,Crystal Dynamics
1951230,Raw Fury
1078920,Team17
91200,11 bit studios
201271,SEGA
201271,Feral Interactive (Mac)
201271,Feral Interactive (Linux)
595740,"KOEI TECMO GAMES CO., LTD."
1630110,Prime Matter
1393370,Square Enix
987720,Square Enix
2085000,Square Enix
555510,Good Shepherd Entertainment
217920,CI Games
602700,Facepunch Studios
1775550,Slitherine Ltd.
342640,Re-Logic
774811,PLAYISM
32400,LucasArts
32400,Lucasfilm
32400,Disney
2903950,"Spike Chunsoft Co., Ltd."
2021210,Square Enix
418250,Slitherine Ltd.
1321450,PlayWay S.A.
42120,Fatshark
360150,505 Games
692030,Nacon
1196470,THQ Nordic
39540,THQ Nordic
2501600,Gamera Games
458730,"Spike Chunsoft Co., Ltd."
702700,KONAMI
1072190,Prime Matter
205230,SEGA
751820,Good Shepherd Entertainment
751820,Surefire.Games
1152320,"KOEI TECMO GAMES CO., LTD."
359840,Daedalic Entertainment
2235020,KONAMI
679110,Nacon
1983260,Curve Games
835430,PLAYISM
1096930,Slitherine Ltd.
266210,PLAYISM
1289380,Team17
1433340,tinyBuild
1311070,Team17
738510,"Spike Chunsoft Co., Ltd."
618970,Nacon
714370,Square Enix
400180,Devolver Digital
1577250,Prime Matter
1206430,Annapurna Interactive
455910,LucasArts
455910,Lucasfilm
455910,Disney
274230,Devolver Digital
540840,Crystal Dynamics
42170,Fatshark
957960,Daedalic Entertainment
1385100,Daedalic Entertainment
370460,Arc System Works
401890,"KOEI TECMO GAMES CO., LTD."
957720,Slitherine Ltd.
1267470,Gamera Games
1116580,Focus Entertainment
447120,Good Shepherd Entertainment
331690,Devolver Digital
279440,505 Games
353700,SEGA
1370050,Devolver Digital
704230,Focus Entertainment
1430760,PlayWay S.A.
1430760,FreeMind S.A.
1309950,Devolver Digital
2928520,PlayWay S.A.
609490,Devolver Digital
811880,Slitherine Ltd.
512250,Good Shepherd Entertainment
346730,PLAYISM
878670,Prime Matter
899310,Daedalic Entertainment
202310,BANDAI NAMCO Entertainment
251230,Arc Games
6080,LucasArts
1897050,Square Enix
474020,Devolver Digital
1924170,Nacon
1374970,Humble Games
1151050,Curve Games
494670,astragon Entertainment
298600,tinyBuild
489140,tinyBuild
65270,Giants Software
211160,SEGA
384110,Good Shepherd Entertainment
525040,Capcom
1368870,Slitherine Ltd.
373770,PLAYISM
690810,Tripwire Interactive
547360,PLAYISM
1059900,PlayWay S.A.
989550,Square Enix
865680,Good Shepherd Entertainment
21670,Capcom
1432910,Daedalic Entertainment
32420,LucasArts
32420,Lucasfilm
32420,Disney
1772830,PLAYISM
2297010,Slitherine Ltd.
308060,Square Enix
351910,Daedalic Entertainment
1996430,Good Shepherd Entertainment
211600,Eidos Interactive Corp.
227780,Devolver Digital
1851280,PLAYISM
541640,Disney
752480,Rebellion
1961950,"Spike Chunsoft Co., Ltd."
427700,XSEED Games
427700,"Marvelous USA, Inc."
225160,Devolver Digital
252230,"KOEI TECMO GAMES CO., LTD."
245300,Disney
1170060,Devolver Digital
1209410,Team17
32450,LucasArts
32450,Lucasfilm
32450,Disney
636570,"KOEI TECMO GAMES CO., LTD."
91600,Coffee Stain Publishing
660160,Slitherine Ltd.
437570,Raw Fury
282050,THQ Nordic
1286990,Team17
347800,Humble Games
936180,"KOEI TECMO GAMES CO., LTD."
377520,Slitherine Ltd.
628080,"KOEI TECMO GAMES CO., LTD."
260790,"Nicalis, Inc."
1018020,KONAMI
442070,"Jackbox Games, Inc."
322130,Disney
1234430,Nacon
207930,THQ Nordic
308270,Slitherine Ltd.
1658920,Nacon
897820,Devolver Digital
897820,Big Fan Games
1691970,"Spike Chunsoft Co., Ltd."
436290,Square Enix
624970,Rebellion
222640,Nacon
579820,Crytek
300820,Disney
1840800,Slitherine Ltd.
1337920,505 Games
1982340,Gearbox Publishing
881320,Warner Bros. Interactive Entertainment
881320,Feral interactive (Mac)
792660,Slitherine Ltd.
1061730,SEGA
1430680,Nacon
9340,SEGA
677480,tinyBuild
1872680,Team17
1614440,Humble Games
1409830,Hooded Horse
431940,Humble Games
1024480,Kalypso Media
1111380,"Spike Chunsoft Co., Ltd."
631570,Raw Fury
1346020,Chucklefish
1811040,11 bit studios
1895810,Square Enix
71260,SEGA
2348610,tinyBuild
1485690,Daedalic Entertainment
1062340,"Spike Chunsoft Co., Ltd."
215690,SEGA
1475850,Nacon
720350,Annapurna Interactive
374030,505 Games
282400,THQ Nordic
1013220,Arc System Works
275530,Rebellion
1062000,Chucklefish
1205480,THQ Nordic
585080,Nacon
1265780,Daedalic Entertainment
1265780,Nacon
938220,NEOWIZ
310890,Good Shepherd Entertainment
310890,Devolver Digital
1960110,XSEED Games
1960110,"Marvelous USA, Inc."
1960110,Marvelous
2410170,WhisperGames
525240,Square Enix
327220,Daedalic Entertainment
1748660,Square Enix
233190,Focus Entertainment
260190,Devolver Digital
258760,SCS Software
240620,Chucklefish
211740,Eidos Interactive Corp.
2357000,tinyBuild
427680,XSEED Games
427680,"Marvelous USA, Inc."
301650,Rebellion
2197680,Bandai Namco Entertainment Inc.
1299510,Nacon
912450,"Spike Chunsoft Co., Ltd."
673000,Devolver Digital
2291020,"Spike Chunsoft Co., Ltd."
1867510,Skybound Games
580710,Slitherine Ltd.
253150,Chucklefish
1041920,Annapurna Interactive
1122680,Annapurna Interactive
105000,Daedalic Entertainment
970960,THQ Nordic
1093290,Humble Games
1037130,NEOWIZ
2118810,Hooded Horse
1682060,Gamera Games
552460,Devolver Digital
552460,Croteam
65790,Bohemia Interactive
1580180,Devolver Digital
1671480,astragon Entertainment
236510,505 Games
35480,Tripwire Interactive
254370,THQ Nordic
1451080,Square Enix
274250,Devolver Digital
571720,BANDAI NAMCO Entertainment
1890740,Square Enix
692840,505 Games
390310,XSEED Games
390310,"Marvelous USA, Inc."
390310,Marvelous
2153350,505 Games
606890,Focus Entertainment
370910,Raw Fury
505730,Daedalic Entertainment
304580,astragon Entertainment
959000,Daedalic Entertainment
378800,astragon Entertainment
1420300,XSEED Games
1420300,"Marvelous USA, Inc."
1420300,Marvelous
306630,Slitherine Ltd.
232950,THQ Nordic
705280,PLAYISM
854940,Humble Games
401760,astragon Entertainment
71230,SEGA
1233590,Focus Entertainment
1126750,BANDAI NAMCO Entertainment
200010,Square Enix
2420660,Devolver Digital
1432100,tinyBuild
580720,Slitherine Ltd.
365890,Slitherine Ltd.
1663640,Prime Matter
1126190,Disney
1126190,Nighthawk Interactive
312560,XSEED Games
312560,"Marvelous USA, Inc."
2081080,Daedalic Entertainment
6300,Funcom
221830,THQ Nordic
886820,"KOEI TECMO GAMES CO., LTD."
778390,XSEED Games
778390,"Marvelous USA, Inc."
824070,505 Games
40380,Deep Silver
1229580,Devolver Digital
1111390,"Spike Chunsoft Co., Ltd."
1100420,Kalypso Media
1299360,PLAYISM
1236780,XSEED Games
1236780,"Marvelous USA, Inc."
1717770,Zeekerss
1969440,Team17
702680,Annapurna Interactive
680360,Raw Fury
268540,Daedalic Entertainment
948640,XSEED Games
948640,"Marvelous USA, Inc."
606370,Square Enix
65730,Bohemia Interactive
292480,PLAYISM
668550,NEOWIZ
1966130,Slitherine Ltd.
312650,Rebellion
2275150,Devolver Digital
281940,Rebellion
1020470,Shiro Games
581300,THQ Nordic
2062690,Nacon
837880,Curve Games
1475840,tinyBuild
20550,Deep Silver
2076580,Devolver Digital
3710,Rebellion
2264340,Nacon
450500,PLAYISM
593030,Slitherine Ltd.
225300,Crystal Dynamics
1563130,THQ Nordic
1551160,Slitherine Ltd.
644710,Slitherine Ltd.
6040,LucasArts
2546690,astragon Entertainment
612390,Raw Fury
265330,Daedalic Entertainment
345260,SEGA
1469170,Kalypso Media
1907720,Curve Games
327740,Disney
981890,SEGA
255280,Daedalic Entertainment
21680,Capcom
967390,THQ Nordic
1312960,Team17
2652000,"Jackbox Games, Inc."
249330,PLAYISM
1133320,Warner Bros. Interactive Entertainment
1133320,HBO
489370,505 Games
274350,Devolver Digital
217790,CI Games
441550,LucasArts
441550,Lucasfilm
441550,Disney
504130,Curve Games
337680,Slitherine Ltd.
840390,Kalypso Media
339580,505 Games
1523650,Slitherine Ltd.
1088770,PlayWay S.A.
262960,"Nicalis, Inc."
1393420,PLAYISM
441380,BANDAI NAMCO Entertainment
1346010,Nacon
272620,Devolver Digital
824830,XSEED Games
1591450,NEOWIZ
1422420,Humble Games
312360,Slitherine Ltd.
255300,Daedalic Entertainment
2494340,Nacon
623090,THQ Nordic
730830,Lucasfilm
730830,Disney
254960,THQ Nordic
1997660,Nacon
2154230,Pocketpair
1066260,Devolver Digital
39650,THQ Nordic
616110,Devolver Digital
65780,Bohemia Interactive
1603940,Slitherine Ltd.
319540,Daedalic Entertainment
311010,PlayWay S.A.
311010,Ultimate Games S.A.
235250,Coffee Stain Publishing
205840,Focus Entertainment
936190,"KOEI TECMO GAMES CO., LTD."
4780,SEGA
4780,Feral Interactive (Mac)
4780,Feral Interactive (Linux)
717640,Devolver Digital
330720,Slitherine Ltd.
437000,Arc System Works
287630,Focus Entertainment
219950,SEGA
1429850,Devolver Digital
971620,SEGA
824280,THQ Nordic
1985050,Slitherine Ltd.
1642620,Square Enix
951750,Annapurna Interactive
1913740,KONAMI
402040,505 Games
987400,Disney
303790,Focus Entertainment
691450,PLAYISM
1072920,Gamera Games
1341050,Square Enix
762840,Annapurna Interactive
638000,Curve Games
522210,Curve Games
661990,Arc System Works
1018000,KONAMI
790540,Square Enix
1906830,Humble Games
628030,"KOEI TECMO GAMES CO., LTD."
1272840,Focus Entertainment
762940,Humble Games
301760,Disney
1015890,PLAYISM
1089840,Slitherine Ltd.
809060,Daedalic Entertainment
1506440,Team17
316260,Disney
427820,Crystal Dynamics
397720,"KOEI TECMO GAMES CO., LTD."
696180,XSEED Games
696180,"Marvelous USA, Inc."
696180,Marvelous
764920,Snail Games USA
368220,Slitherine Ltd.
680380,Raw Fury
1214670,Raw Fury
58570,Focus Entertainment
1395030,Raw Fury
879000,THQ Nordic
365660,Devolver Digital
565170,"Nicalis, Inc."
2182400,Gamera Games
2022930,Team17
253770,astragon Entertainment
1042670,PLAYISM
1601280,PLAYISM
454530,Slitherine Ltd.
2015620,PLAYISM
313810,THQ Nordic
324680,THQ Nordic
1621990,505 Games
6310,Funcom
6980,Eidos Interactive Corp.
981770,XSEED Games
981770,"Marvelous USA, Inc."
981770,Marvelous
260160,Daedalic Entertainment
336610,THQ Nordic
521750,"KOEI TECMO GAMES CO., LTD."
292500,PLAYISM
225020,Crystal Dynamics
1406810,Private Division
255320,Daedalic Entertainment
940580,Nacon
384080,astragon Entertainment
312350,Slitherine Ltd.
1178210,Slitherine Ltd.
409000,"Spike Chunsoft Co., Ltd."
271760,THQ Nordic
306640,Slitherine Ltd.
359220,THQ Nordic
6870,Square Enix
536280,Private Division
906510,"Spike Chunsoft Co., Ltd."
1880470,Kalypso Media
341870,SEGA
629090,505 Games
948880,PlayWay S.A.
948880,FreeMind S.A.
628140,"KOEI TECMO GAMES CO., LTD."
415740,Devolver Digital
628130,"KOEI TECMO GAMES CO., LTD."
352890,Daedalic Entertainment
225320,Crystal Dynamics
302080,SCS Software
2176930,XSEED Games
2176930,"Marvelous USA, Inc."
1223910,Nacon
32340,LucasArts
32340,Lucasfilm
32340,Disney
2710,THQ Nordic
111600,Devolver Digital
32310,LucasArts
32310,Lucasfilm
32310,Disney
355250,LucasArts
355250,Lucasfilm
355250,Disney
1452500,PLAYISM
765880,Humble Games
686720,Square Enix
529490,Rebellion
423950,Deep Silver
530950,11 bit studios
1770050,505 Games
259170,THQ Nordic
1200110,"Spike Chunsoft Co., Ltd."
1661630,Devolver Digital
1297330,Devolver Digital
235320,Bohemia Interactive
1964200,PLAYISM
959860,THQ Nordic
1285360,The Behemoth
270950,Giants Software
420060,Daedalic Entertainment
1483370,PLAYISM
1709050,tinyBuild
383270,Curve Games
249680,505 Games
737520,Humble Games
1363900,tinyBuild
2337820,Devolver Digital
1351000,Nacon
65600,THQ Nordic
1984790,PLAYISM
292930,THQ Nordic
564150,PLAYISM
1349060,Zeekerss
403430,BANDAI NAMCO Entertainment
39530,Prime Matter
2590,Bohemia Interactive
339190,Daedalic Entertainment
846730,Nacon
236730,11 bit studios
2229560,Raw Fury
936530,Slitherine Ltd.
1082930,Raw Fury
6920,Eidos Interactive Corp.
1061880,Funcom
695100,Curve Games
353630,astragon Entertainment
2193050,Devolver Digital
297760,Slitherine Ltd.
323720,Daedalic Entertainment
224980,Crystal Dynamics
1367320,Slitherine Ltd.
349270,Raw Fury
1338580,Devolver Digital
361670,LucasArts
361670,Lucasfilm
361670,Disney
39670,THQ Nordic
39190,Square Enix
319170,Disney
207790,Deep Silver
1287590,Nacon
1331210,Raw Fury
526980,Nacon
1019450,Curve Games
260730,THQ Nordic
209730,Focus Entertainment
397190,Slitherine Ltd.
314030,Arc System Works
532320,THQ Nordic
336420,Fatshark
32390,LucasArts
32390,Lucasfilm
32390,Disney
9760,THQ Nordic
65610,THQ Nordic
2551110,Slitherine Ltd.
914750,Nacon
257120,tinyBuild
2304440,11 bit studios
247370,Good Shepherd Entertainment
960420,tinyBuild
3270,Prime Matter
541660,Disney
209190,Curve Games
403940,tinyBuild
867400,PlayWay S.A.
2418000,Slitherine Ltd.
1921480,Humble Games
1617030,WhisperGames
560170,Disney
560170,LucasArts
1608470,Focus Entertainment
1122100,PLAYISM
435100,Nacon
1345760,Kalypso Media
41060,Devolver Digital
316030,Disney
355240,PLAYISM
211780,Square Enix
224860,Bohemia Interactive
1767570,Nacon
406850,Good Shepherd Entertainment
99700,"Nicalis, Inc."
627450,Nacon
354430,LucasArts
354430,Lucasfim
354430,Disney
606710,THQ Nordic
528610,Arc System Works
1641450,Gamera Games
275060,THQ Nordic
1209360,Nacon
34600,Square Enix
928990,tinyBuild
1122690,Annapurna Interactive
2090370,Arc System Works
459470,Slitherine Ltd.
1497360,Annapurna Interactive
42140,Fatshark
312600,PLAYISM
392000,Disney
631540,tinyBuild
1139280,Skybound Games
32350,LucasArts
32350,Lucasfilm
32350,Disney
628040,"KOEI TECMO GAMES CO., LTD."
2340870,Nacon
224300,Crystal Dynamics
363980,PLAYISM
2354600,Skybound Games
6090,LucasArts
6090,Lucasfilm
6090,Disney
1105590,Raw Fury
1042920,NEOWIZ
443020,Slitherine Ltd.
4460,Focus Entertainment
1084790,Slitherine Ltd.
2096030,PlayWay S.A.
2096030,FreeMind S.A.
878580,tinyBuild
251690,Rebellion
730430,THQ Nordic
355170,Lucasfilm
355170,Disney
253350,"Nicalis, Inc."
2839280,"Spike Chunsoft Co., Ltd."
1812560,KONAMI
71240,SEGA
325520,Daedalic Entertainment
337760,Slitherine Ltd.
658700,Nacon
212410,BANDAI NAMCO Entertainment
627350,XSEED Games
627350,"Marvelous USA, Inc."
19030,KONAMI
58560,Focus Entertainment
205810,THQ Nordic
287371,SEGA
287371,Feral Interactive (Mac)
287371,Feral Interactive (Linux)
1248080,KONAMI
384570,Daedalic Entertainment
2020030,Raw Fury
225000,Crystal Dynamics
455400,BANDAI NAMCO Entertainment
2244470,tinyBuild
224940,Crystal Dynamics
524850,PLAYISM
313400,PLAYISM
1146370,Slitherine Ltd.
429330,Curve Games
319140,Good Shepherd Entertainment
536560,Arc System Works
345240,SEGA
411330,THQ Nordic
356910,Arc System Works
749800,"Spike Chunsoft Co., Ltd."
242530,Rebellion
450440,"Nicalis, Inc."
39520,THQ Nordic
39560,Prime Matter
1617220,Annapurna Interactive
211580,Chucklefish
39200,Square Enix
447780,Frontier Developments
237970,Bohemia Interactive
2969380,"Spike Chunsoft Co., Ltd."
295250,Curve Games
301980,Disney
606680,THQ Nordic
420520,PLAYISM
245050,THQ Nordic
2127430,XSEED Games
2127430,"Marvelous USA, Inc."
2127430,Marvelous
548090,THQ Nordic
2740080,Slitherine Ltd.
1132030,tinyBuild
778400,XSEED Games
778400,"Marvelous USA, Inc."
214570,PLAYISM
2206320,tinyBuild
4520,THQ Nordic
361690,LucasArts
361690,Lucasfilm
361690,Disney
1604250,Kalypso Media
2676000,Slitherine Ltd.
1248800,Gamera Games
1682260,Gamera Games
513330,tinyBuild
281750,Daedalic Entertainment
427660,PLAYISM
339040,Disney
1054690,Fatshark
919410,Daedalic Entertainment
344410,Good Shepherd Entertainment
1192010,505 Games
1422430,Humble Games
2366530,Slitherine Ltd.
34820,CI Games
940310,XSEED Games
940310,"Marvelous USA, Inc."
2216770,PlayWay S.A.
850980,Arc System Works
287070,Slitherine Ltd.
392280,Daedalic Entertainment
1111940,"Jackbox Games, Inc."
490370,THQ Nordic
330180,Focus Entertainment
2620730,SapStaR Games
575820,Devolver Digital
433450,Arc System Works
618720,PLAYISM
500670,Raw Fury
491470,PLAYISM
371140,Humble Games
560430,Lucasfilm
560430,Disney
279460,Nacon
279460,Plug In Digital
41050,Devolver Digital
313660,Slitherine Ltd.
1882140,Slitherine Ltd.
65200,astragon Entertainment
267900,Arc System Works
73190,Slitherine Ltd.
359440,PLAYISM
628170,"KOEI TECMO GAMES CO., LTD."
7010,Square Enix
603400,astragon Entertainment
234510,Tripwire Interactive
277630,THQ Nordic
223430,Keen Software House
41014,Devolver Digital
39660,THQ Nordic
33990,Bohemia Interactive
2024390,Prime Matter
229520,Devolver Digital
2507620,"Spike Chunsoft Co., Ltd."
201480,Devolver Digital
453290,PLAYISM
2507610,"Spike Chunsoft Co., Ltd."
271500,CI Games
411310,THQ Nordic
259190,THQ Nordic
1619230,PLAYISM
1016930,Daedalic Entertainment
65530,THQ Nordic
319080,Disney
1536210,"Nicalis, Inc."
418190,PLAYISM
831050,Prime Matter
1472930,Annapurna Interactive
264540,BANDAI NAMCO Entertainment
1358840,Raw Fury
316240,BANDAI NAMCO Entertainment
316240,United Independent Entertainment
1250250,BANDAI NAMCO Entertainment
915230,Daedalic Entertainment
1905220,tinyBuild
302060,SCS Software
237950,Bohemia Interactive
963870,Slitherine Ltd.
374380,Slitherine Ltd.
10460,SEGA
2696320,Gamera Games
2612660,"Spike Chunsoft Co., Ltd."
4530,THQ Nordic
294750,11 bit studios
306700,Curve Games
752470,PLAYISM
705290,PLAYISM
310390,Slitherine Ltd.
1172190,Humble Games
1172190,WhisperGames
736810,THQ Nordic
808010,"Nicalis, Inc."
337360,Deep Silver
640340,Devolver Digital
365560,Slitherine Ltd.
304460,Curve Games
286460,THQ Nordic
1453790,Team17
700160,Good Shepherd Entertainment
1295790,Raw Fury
65560,Prime Matter
1702260,XSEED Games
1702260,"Marvelous USA, Inc."
1702260,Marvelous
370730,"KOEI TECMO GAMES CO., LTD."
904540,Lucasfilm
904540,Disney
453300,PLAYISM
282030,THQ Nordic
564160,PLAYISM
1897110,Daedalic Entertainment
2527660,Gamera Games
273030,505 Games
456540,LucasArts
456540,Lucasfilm
456540,Disney
1586880,Devolver Digital
692360,Square Enix
447700,"Nicalis, Inc."
1422410,Humble Games
3010,Techland
563190,THQ Nordic
1137970,Disney
1137970,Lucasfilm Games
635390,Skybound Games
286480,THQ Nordic
206760,Prime Matter
1378070,505 Games
559620,Lucasfilm
559620,Disney
1235100,Humble Games
891020,Nacon
1020540,KONAMI
200490,Bohemia Interactive
275570,THQ Nordic
283230,tinyBuild
297110,Devolver Digital
376450,Slitherine Ltd.
41730,THQ Nordic
1715980,KONAMI
2104880,Team17
865930,Gamera Games
865930,idealCat
548890,THQ Nordic
229810,Devolver Digital
1052440,PLAYISM
1454050,Nacon
1662570,505 Games
1386650,Snail Games USA
23380,Square Enix
830590,Daedalic Entertainment
736570,PLAYISM
546900,Square Enix
546900,Forever Entertainment S. A.
11550,THQ Nordic
3050,Techland
1247570,tinyBuild
282010,THQ Nordic
440550,Good Shepherd Entertainment
477750,Slitherine Ltd.
243000,Square Enix
352780,PLAYISM
1139800,Gamera Games
4420,Focus Entertainment
229890,Hello Games
33980,Bohemia Interactive
970840,Nacon
2088030,Gamera Games
392070,Curve Games
275510,Rebellion
365480,Slitherine Ltd.
39630,THQ Nordic
354600,Slitherine Ltd.
856890,tinyBuild
2229350,Bohemia Interactive
448080,"Jackbox Games, Inc."
2424110,SEGA
39110,Square Enix
1497450,Annapurna Interactive
1616110,Skybound Games
404040,Rebellion
8100,Square Enix
1647200,KONAMI
1300100,"Nicalis, Inc."
596620,Jagex Ltd
7220,Focus Entertainment
2022850,Gamera Games
628150,"KOEI TECMO GAMES CO., LTD."
394160,BANDAI NAMCO Entertainment
629860,Square Enix
1045610,tinyBuild
202370,Square Enix
622680,tinyBuild
301830,Disney
794180,Nacon
310880,Nacon
18470,THQ Nordic
9710,THQ Nordic
263860,11 bit studios
287370,SEGA
287370,Feral Interactive (Mac)
287370,Feral Interactive (Linux)
2060870,Skybound Games
532690,Arc System Works
447800,Frontier Developments
1144460,PLAYISM
834800,SEGA
1211120,Gamera Games
628120,"KOEI TECMO GAMES CO., LTD."
252130,tinyBuild
1210550,Annapurna Interactive
40320,THQ Nordic
642830,Good Shepherd Entertainment
318950,Disney
243020,Square Enix
312420,Slitherine Ltd.
313390,PLAYISM
628110,"KOEI TECMO GAMES CO., LTD."
1867520,Skybound Games
479990,PLAYISM
548900,THQ Nordic
569800,Daedalic Entertainment
995240,"Nicalis, Inc."
1378800,WhisperGames
1378800,Assemble Entertainment
605800,KONAMI
1045840,Daedalic Entertainment
455340,Slitherine Ltd.
303830,Nacon
303830,Plug In Digital
1459960,Daedalic Entertainment
347060,Nacon
763710,Arc System Works
340990,Disney
1809310,Gamera Games
397350,Rebellion
331650,THQ Nordic
7020,Rebellion
411320,THQ Nordic
1856190,tinyBuild
442890,PLAYISM
838110,"Nicalis, Inc."
838110,Hound Picked Games
7210,Focus Entertainment
1205170,Team17
331970,Disney
575330,Good Shepherd Entertainment
1117670,Raw Fury
365820,SEGA
365820,Feral Interactive (Mac)
365820,Feral Interactive (Linux)
1600910,Good Shepherd Entertainment
1991300,Skybound Games
329380,Curve Games
1306750,Gamera Games
2139020,Behaviour Interactive Inc.
2337460,PlayWay S.A.
254880,Rebellion
651340,Arc System Works
489570,Starbreeze Publishing AB
407020,PLAYISM
521720,"KOEI TECMO GAMES CO., LTD."
260650,THQ Nordic
545130,Nacon
1122700,Annapurna Interactive
4470,Focus Entertainment
709880,Slitherine Ltd.
242110,Hello Games
1275760,Nacon
602510,Slitherine Ltd.
1254620,BANDAI NAMCO Entertainment
214550,Klei Entertainment
1896160,Slitherine Ltd.
520610,Slitherine Ltd.
319400,Disney
244890,Curve Games
260690,THQ Nordic
880750,Slitherine Ltd.
675610,"Spike Chunsoft Co., Ltd."
1995880,Gamera Games
628020,"KOEI TECMO GAMES CO., LTD."
1532460,tinyBuild
657470,astragon Entertainment
283270,THQ Nordic
23300,Square Enix
1334580,WhisperGames
678850,Raw Fury
2184580,"Spike Chunsoft Co., Ltd."
2437040,Devolver Digital
286880,Disney
521760,"KOEI TECMO GAMES CO., LTD."
1830630,Nacon
2184590,"Spike Chunsoft Co., Ltd."
1376760,Daedalic Entertainment
65500,THQ Nordic
2184570,"Spike Chunsoft Co., Ltd."
1548680,Gamera Games
1220100,Devolver Digital
529890,Lucasfilm
529890,Disney
1463010,PlayWay S.A.
252730,"Jackbox Games, Inc."
32410,LucasArts
32410,Lucasfilm
32410,Disney
2276420,Lightning Games
679520,"Spike Chunsoft Co., Ltd."
254840,Rebellion
1396980,PLAYISM
316320,Disney
628100,"KOEI TECMO GAMES CO., LTD."
1291860,Daedalic Entertainment
1053390,Arc System Works
319760,Daedalic Entertainment
2457580,PLAYISM
1089930,Focus Entertainment
415350,Daedalic Entertainment
2878270,Funcom
727760,Devolver Digital
351870,Daedalic Entertainment
294280,Warner Bros. Interactive Entertainment
1571460,Nacon
318350,Disney
2728190,KONAMI
2087610,Arc Games
711380,"Nicalis, Inc."
707450,Slitherine Ltd.
858030,Nacon
539270,Nacon
436000,tinyBuild
960730,"Spike Chunsoft Co., Ltd."
403400,BANDAI NAMCO Entertainment
1584680,PlayWay S.A.
1584680,FreeMind S.A.
510320,Slitherine Ltd.
331450,Disney
1569810,Gamera Games
282100,tinyBuild
306620,Slitherine Ltd.
749840,PLAYISM
326380,astragon Entertainment
1284080,Slitherine Ltd.
312440,Slitherine Ltd.
2527600,PLAYISM
39640,THQ Nordic
346060,Disney
1990900,Gamera Games
445870,tinyBuild
812930,Slitherine Ltd.
352620,Curve Games
435790,Curve Games
254820,Rebellion
1068600,tinyBuild
1842900,Gamera Games
739220,PLAYISM
1276740,Humble Games
521680,"KOEI TECMO GAMES CO., LTD."
521730,"KOEI TECMO GAMES CO., LTD."
388140,Slitherine Ltd.
2569820,Curve Games
1590750,Daedalic Entertainment
292760,Slitherine Ltd.
34810,CI Games
966720,Curve Games
675490,PLAYISM
867250,Slitherine Ltd.
1019590,tinyBuild
351860,Daedalic Entertainment
1243690,Deep Silver
976570,Arc System Works
251530,11 bit studios
1288610,Daedalic Entertainment
2532300,WhisperGames
1659150,WhisperGames
236970,astragon Entertainment
741250,PLAYISM
425410,tinyBuild
836600,Arc System Works
2257770,tinyBuild
403410,BANDAI NAMCO Entertainment
363650,PLAYISM
743910,"Spike Chunsoft Co., Ltd."
338300,Disney
254940,Rebellion
33950,Bohemia Interactive
594550,Bohemia Interactive
236490,BANDAI NAMCO Entertainment
648630,Arc System Works
664320,Daedalic Entertainment
789770,Gamera Games
1284950,Devolver Digital
2856370,Daedalic Entertainment
572160,Devolver Digital
392030,PLAYISM
511090,WhisperGames
511090,Deck13
756590,"KOEI TECMO GAMES CO., LTD."
1503530,Devolver Digital
726630,Slitherine Ltd.
437030,PLAYISM
749890,PLAYISM
1103800,Rebellion
707350,Arc System Works
628180,"KOEI TECMO GAMES CO., LTD."
411390,Arc System Works
1928020,Disney
343140,Disney
252170,11 bit studios
570790,Arc System Works
1623420,Devolver Digital
35070,Square Enix
259980,"Jackbox Games, Inc."
569810,Daedalic Entertainment
600740,Slitherine Ltd.
676910,PLAYISM
539280,Nacon
391640,tinyBuild
365850,PLAYISM
978190,PLAYISM
559070,Lucasfilm
559070,Disney
1263990,Humble Games
539300,Nacon
317580,Disney
443460,PLAYISM
521690,"KOEI TECMO GAMES CO., LTD."
304540,THQ Nordic
19020,KONAMI
1066030,XSEED Games
1066030,"Marvelous USA, Inc."
521670,"KOEI TECMO GAMES CO., LTD."
260710,THQ Nordic
1402420,Gamera Games
3230,THQ Nordic
1309080,Humble Games
1308360,Raw Fury
521710,"KOEI TECMO GAMES CO., LTD."
1979320,Gamera Games
573790,THQ Nordic
318740,Disney
1663400,Devolver Digital
2172180,astragon Entertainment
1100900,PLAYISM
1100900,Gamera Games
2123100,Gamera Games
836590,Arc System Works
2756470,PlayWay S.A.
987410,Disney
1804720,Slitherine Ltd.
522740,Square Enix
1567830,Gamera Games
800390,Coffee Stain Publishing
447690,"Nicalis, Inc."
628160,"KOEI TECMO GAMES CO., LTD."
628090,"KOEI TECMO GAMES CO., LTD."
1367330,Slitherine Ltd.
2406110,Gamera Games
1732480,PLAYISM
2356330,Gamera Games
320400,Slitherine Ltd.
1332370,WhisperGames
539290,Nacon
19080,KONAMI
672140,Slitherine Ltd.
614090,Square Enix
1389200,"Nicalis, Inc."
1279310,"Spike Chunsoft Co., Ltd."
2657480,Devolver Digital
2981650,Daedalic Entertainment
605200,Slitherine Ltd.
204580,Focus Entertainment
494980,"Cygames, Inc."
527290,"KOEI TECMO GAMES CO., LTD."
259960,"Jackbox Games, Inc."
842120,Rebellion
1388570,Gamera Games
289320,Bohemia Interactive
259940,"Jackbox Games, Inc."
2086360,Arc System Works
2086370,Arc System Works
1695260,PLAYISM
318300,Disney
785940,Slitherine Ltd.
320120,PLAYISM
352790,PLAYISM
521740,"KOEI TECMO GAMES CO., LTD."
260060,"Jackbox Games, Inc."
1949010,Gamera Games
1765520,Behaviour Interactive Inc.
933770,PLAYISM
1198310,Gamera Games
1403740,PlayWay S.A.
260000,"Jackbox Games, Inc."
1811750,Daedalic Entertainment
260040,"Jackbox Games, Inc."
2374090,Nacon
1209650,Gamera Games
254920,Rebellion
250070,PLAYISM
1284090,Slitherine Ltd.
787720,Devolver Digital
260080,"Jackbox Games, Inc."
1949100,Nacon
609720,Gamera Games
557240,Lucasfilm
557240,Disney
614530,PLAYISM
892210,XSEED Games
892210,"Marvelous USA, Inc."
312400,Slitherine Ltd.
1202660,Gamera Games
260020,"Jackbox Games, Inc."
34278,SEGA
732770,"Nicalis, Inc."
1235450,Gamera Games
865060,PLAYISM
254860,Rebellion
545010,"KOEI TECMO GAMES CO., LTD."
521660,"KOEI TECMO GAMES CO., LTD."
1427710,Gamera Games
521700,"KOEI TECMO GAMES CO., LTD."
544990,"KOEI TECMO GAMES CO., LTD."
1887260,PlayWay S.A.
521650,"KOEI TECMO GAMES CO., LTD."
420370,astragon Entertainment
724310,"KOEI TECMO GAMES CO., LTD."
71120,SEGA
71164,SEGA
34276,SEGA
907250,XSEED Games
907250,"Marvelous USA, Inc."
1500800,Gamera Games
1484320,Gamera Games
677610,Gearbox Publishing
2052770,PlayWay S.A.
2052770,FreeMind S.A.
979790,Gamera Games
34286,SEGA
1804710,Slitherine Ltd.
1831160,"Nicalis, Inc."
2186780,Daedalic Entertainment
545000,"KOEI TECMO GAMES CO., LTD."
71165,SEGA
34313,SEGA
71115,SEGA
1185620,"Nicalis, Inc."
71112,SEGA
71160,SEGA
908420,Gearbox Publishing
2465490,SapStaR Games
2465490,Roguedolike
34272,SEGA
254900,Rebellion
71116,SEGA
34281,SEGA
534920,Daedalic Entertainment
34282,SEGA
898430,Arc System Works
2320280,Nacon
71166,SEGA
412560,Nacon
34289,SEGA
219070,Keen Software House
71118,SEGA
494790,SEGA
71117,SEGA
34285,SEGA
71168,SEGA
71119,SEGA
34280,SEGA
34316,SEGA
34284,SEGA
34273,SEGA
34317,SEGA
602970,Disney
792230,PLAYISM
71114,SEGA
34279,SEGA
1723570,WhisperGames
34310,SEGA
602770,Facepunch Studios
34287,SEGA
34275,SEGA
34318,SEGA
71161,SEGA
71111,SEGA
34288,SEGA
34274,SEGA
34312,SEGA
34283,SEGA
34314,SEGA
34315,SEGA
681740,WhisperGames
71110,SEGA
34277,SEGA
34319,SEGA
1633300,Gamera Games
71167,SEGA
2678960,tinyBuild
42147,Fatshark
34311,SEGA
939510,tinyBuild
830640,Bohemia Interactive
255520,Devolver Digital
71390,SEGA
56438,SEGA
56438,Feral Interactive (Mac/Linux)
45750,Capcom
50620,THQ Nordic
20500,Deep Silver
21660,Capcom
8170,Square Enix
4760,SEGA
4770,SEGA
45720,Capcom
8080,Square Enix
