name,score,developer,marketer,launch_date
Palworld,8,Pocketpair,Pocket Pair Inc.,"Jan 19, 2024"
Rust,7,Facepunch Studios,Facepunch Studios,"Dec 11, 2013"
War Thunder,7.2,Gaijin Entertainment,Gaijin Entertainment,"Aug 15, 2013"
NARAKA: BLADEPOINT,8,24 Entertainment,"NetEase, 24 Entertainment","Aug 11, 2021"
No Man's Sky,7.8,Hello Games,Hello Games,"Aug 9, 2016"
Sons Of The Forest,9,Endnight Games,Endnight Games,"Feb 23, 2023"
ARK: Survival Evolved,7.7,Abstraction Games,Studio Wildcard,"Jun 2, 2015"
Path of Exile,7.6,Grinding Gear Games,Grinding Gear Games,"Jan 23, 2013"
Stardew Valley,10,ConcernedApe,ConcernedApe,"Feb 26, 2016"
Dying Light,8.5,Techland,Warner Bros. Interactive,"Jan 27, 2015"
The Forest,8.4,Endnight Games,Endnight Games,"Apr 30, 2018"
Valheim,9,Iron Gate AB,Coffee Stain,"Feb 2, 2021"
World of Warships,8.3,Wargaming,Wargaming,"Sep 17, 2015"
SMITE®,8.5,Hi-Rez Studios,Hi-Rez Studios,"Mar 25, 2014"
Terraria,9,Engine Software,"505 Games, Re-Logic","May 16, 2011"
"Warhammer 40,000: Space Marine 2",7.5,Relic,THQ,"Sep 6, 2011"
Mount & Blade II: Bannerlord,8,Taleworlds,Taleworlds,"Oct 25, 2022"
Total War: WARHAMMER III,9,Creative Assembly,SEGA,"Feb 17, 2022"
Satisfactory,9,Coffee Stain,Coffee Stain,"Sep 10, 2024"
Lethal Company,7,Zeekerss,Zeekerss,"Oct 23, 2023"
Dead by Daylight,9,Behaviour Interactive,Behaviour Interactive,"Jun 14, 2016"
The First Descendant,5,NEXON Games,Nexon,"Jul 2, 2024"
Factorio,8,Wube Software,Wube Software,"Aug 14, 2020"
Hunt: Showdown 1896,7.5,Crytek Studios,Crytek Studios,"Aug 27, 2019"
Hades,9,Supergiant Games,Supergiant Games,"Dec 6, 2018"
Risk of Rain 2,9,Hopoo Games,Gearbox Publishing,"Mar 28, 2019"
Deep Rock Galactic,9,Ghost Ship Games,Coffee Stain,"May 13, 2020"
Last Epoch,8,Eleventh Hour Games,Eleventh Hour Games,"Feb 21, 2024"
Subnautica,9.1,Panic Button,"Unknown Worlds Entertainment, Gearbox Publishing","Dec 16, 2014"
7 Days to Die,4.9,Iron Galaxy Studios,"The Fun Pimps, Telltale Publishing","Dec 13, 2013"
Rise of the Tomb Raider™,9.3,Crystal Dynamics,"Square Enix, Microsoft","Nov 10, 2015"
V Rising,9,Stunlock Studios,Stunlock Studios,"May 8, 2024"
NieR:Automata™,8.9,PlatinumGames,Square Enix,"Feb 23, 2017"
Kingdom Come: Deliverance,8,Saber Interactive,"Deep Silver, Prime Matter","Feb 13, 2018"
Star Trek Online,6.8,Cryptic Studios,"Atari, Perfect World Entertainment","Feb 2, 2010"
PAYDAY 2,8,Overkill Software,505 Games,"Aug 13, 2013"
Human Fall Flat,7.9,No Brakes Games,Curve Digital,"Jul 22, 2016"
Cuphead,8.8,StudioMDHR,StudioMDHR,"Sep 29, 2017"
Total War: THREE KINGDOMS,9.3,Creative Assembly,SEGA,"May 23, 2019"
Planet Zoo,8.5,Frontier Developments,Frontier Developments,"Nov 5, 2019"
METAL GEAR SOLID V: THE PHANTOM PAIN,10,Kojima Productions,Konami,"Sep 1, 2015"
Assetto Corsa,6,Kunos Simulazioni,"505 Games, Kunos Simulazioni","Dec 19, 2014"
Middle-earth™: Shadow of War™,9,Monolith Productions,Warner Bros. Interactive,"Oct 10, 2017"
Total War: WARHAMMER II,9.1,Creative Assembly,SEGA,"Sep 28, 2017"
Hollow Knight,9.4,Team Cherry,"Team Cherry, Skybound Games","Feb 24, 2017"
Manor Lords,7,Slavic Magic,Hooded Horse,"Apr 26, 2024"
Enshrouded,8,Keen Games GmbH,Keen Games GmbH,"Jan 24, 2024"
Just Cause™ 3,5.9,Avalanche Studios (SE),Square Enix,"Dec 1, 2015"
REMNANT II®,9,Gunfire Games,"THQ Nordic, Gearbox Publishing","Jul 25, 2023"
Middle-earth™: Shadow of Mordor™,9.3,Monolith Productions,Warner Bros. Interactive,"Sep 30, 2014"
Dead Cells,9.5,Motion Twin,Motion Twin,"Aug 7, 2018"
Total War: WARHAMMER,8.6,Creative Assembly,SEGA,"May 30, 2016"
Disco Elysium - The Final Cut,10,ZA/UM,ZA/UM,"Mar 30, 2021"
Sniper Elite 4,8.3,Rebellion,Rebellion,"Feb 14, 2017"
The Binding of Isaac: Rebirth,9,Nicalis,Nicalis,"Nov 4, 2014"
Persona 5 Royal,10,Atlus,SEGA,"Mar 31, 2020"
Slay the Spire,9,Megacrit,Megacrit,"Jan 23, 2019"
DAVE THE DIVER,9,MintRocket,MintRocket,"Oct 27, 2022"
"Warhammer 40,000: Darktide",8,Fatshark,Fatshark,"Nov 30, 2022"
MORDHAU,8.2,Triternion,Triternion,"Apr 29, 2019"
Beat Saber,9.5,Hyperbolic Magnetism,Hyperbolic Magnetism,"May 1, 2018"
Overcooked! 2,8.5,Team17 Software,Team17 Software,"Aug 7, 2018"
Cult of the Lamb,8,Massive Monster,Devolver Digital,"Aug 11, 2022"
Stray,8,BlueTwelve Studio,Annapurna Interactive,"Jul 19, 2022"
Jurassic World Evolution,4.8,Frontier Developments,Frontier Developments,"Jun 11, 2018"
Frostpunk,9,11 Bit Studios,11 Bit Studios,"Apr 24, 2018"
Planet Coaster,8.5,Frontier Developments,Frontier Developments,"Nov 17, 2016"
Trove,6.2,Trion Worlds,"DMM Games, Gearbox Publishing","Jul 9, 2015"
Conan Exiles,6.7,Funcom,Funcom,"May 7, 2018"
Hades II,9,Supergiant Games,Supergiant Games,"May 6, 2024"
Insurgency: Sandstorm,8.8,New World Interactive,Focus Home Interactive,"Dec 12, 2018"
Detroit: Become Human,8,Quantic Dream,"Sony Computer Entertainment, Quantic Dream","May 25, 2018"
Company of Heroes 3,6,Relic,SEGA,"Feb 23, 2023"
Remnant: From the Ashes,8,Gunfire Games,"Perfect World Entertainment, THQ Nordic","Aug 20, 2019"
Granblue Fantasy: Relink,8,PlatinumGames,Cygames,"Feb 1, 2024"
Tomb Raider,9.1,Crystal Dynamics,Square Enix,"Mar 5, 2013"
Killing Floor 2,8,Tripwire Interactive,"Deep Silver, Tripwire Interactive","Nov 15, 2016"
Diablo® IV,9,Blizzard,Blizzard Entertainment,"Jun 6, 2023"
Jurassic World Evolution 2,7,Frontier Developments,Frontier Developments,"Nov 9, 2021"
FINAL FANTASY VII REMAKE INTERGRADE,8,Square Enix,Square Enix,"Jun 10, 2021"
Starbound,9.1,Chucklefish,Chucklefish,"Jul 22, 2016"
Warhammer: Vermintide 2,8,Fatshark,Games Workshop,"Mar 8, 2018"
Darkest Dungeon®,8,Red Hook Studios,Red Hook Studios,"May 8, 2023"
Shadow of the Tomb Raider: Definitive Edition,9,Crystal Dynamics,Square Enix,"Oct 15, 2019"
Lies of P,8,Neowiz,Neowiz,"Sep 19, 2023"
World of Tanks,7.5,Wargaming,Wargaming,"Sep 30, 2010"
Elite Dangerous,7.4,Frontier Developments,Frontier Developments,"Dec 16, 2014"
TEKKEN 7,9.5,Bandai Namco,Bandai Namco Games,"Feb 18, 2015"
Persona 3 Reload,9,Atlus,Atlus,"Feb 2, 2024"
Total War: SHOGUN 2,9,Creative Assembly,"SEGA, Feral Interactive","Mar 15, 2011"
Deus Ex: Mankind Divided,9.2,Nixxes Software BV,Square Enix,"Aug 23, 2016"
Atomic Heart,8,Mundfish,Focus Entertainment,"Feb 21, 2023"
Subnautica: Below Zero,9,Unknown Worlds Entertainment,Unknown Worlds Entertainment,"May 14, 2021"
PlanetSide 2,9,Sony Online Entertainment,"Sony Online Entertainment, Daybreak Game Company","Jun 23, 2015"
DRAGON BALL Z: KAKAROT,7,CyberConnect2,Bandai Namco Games,"Jan 16, 2020"
Slime Rancher,7,Monomi Park,Monomi Park,"Sep 22, 2022"
eFootball™,4,Konami,Konami,"Apr 14, 2022"
Metro Exodus,8.5,4A Games,Deep Silver,"Feb 15, 2019"
Overwatch® 2,8,Blizzard,Activision Blizzard,"Oct 4, 2022"
NARUTO SHIPPUDEN: Ultimate Ninja STORM 4,5.5,CyberConnect2,Bandai Namco Games,"Feb 4, 2016"
Mount & Blade: Warband,8.1,Taleworlds,"Paradox Interactive, Taleworlds","Mar 16, 2010"
Outward Definitive Edition,5,Nine Dots Studio,Deep Silver,"Mar 17, 2022"
The Outlast Trials,7,Red Barrels,Red Barrels,"Mar 5, 2024"
Company of Heroes 2,6,Relic,SEGA,"Feb 23, 2023"
Castle Crashers®,9,The Behemoth,"Sony Computer Entertainment, The Behemoth","Aug 27, 2008"
Killing Floor,7.5,Tripwire Interactive,"Iceberg Interactive, Tripwire Interactive","May 14, 2009"
Outlast,7.8,Red Barrels,Red Barrels,"Sep 4, 2013"
Disney Dreamlight Valley,8,Gameloft,Gameloft,"Dec 5, 2023"
GUILTY GEAR -STRIVE-,9,ARC System Works,ARC System Works,"Jun 11, 2021"
SnowRunner,8,Saber Interactive,Focus Home Interactive,"Apr 27, 2020"
Batman™: Arkham Knight,9.2,Rocksteady,Warner Bros. Games,"Jun 23, 2015"
Inscryption,9,Daniel Mullins Games,Devolver Digital,"Oct 19, 2021"
Torchlight II,9.1,Panic Button,"Perfect World Entertainment, Runic Games","Sep 20, 2012"
Just Cause 2,8.8,Avalanche Studios (SE),"Square Enix, Eidos Interactive","Mar 23, 2010"
PAYDAY 3,7,Starbreeze AB,"Starbreeze AB, Prime Matter","Sep 21, 2023"
Outer Wilds,8.4,Mobius Entertainment,Annapurna Interactive,"May 28, 2019"
OUTRIDERS,7,People Can Fly,Square Enix,"Apr 1, 2021"
Temtem,7,Crema,Crema,"Jan 21, 2020"
PowerWash Simulator,7,Futurlab,"Futurlab, Square Enix Collective","May 19, 2021"
Alien: Isolation,5.9,Creative Assembly,"SEGA, Feral Interactive","Oct 7, 2014"
Sniper Elite 3,7.5,Rebellion,"Ingram Entertainment, Namco, Maximum Family Games, Wanadoo Edition, Reef Entertainment","Sep 30, 2005"
Resident Evil 6,10,Capcom,Capcom,"Mar 24, 2023"
Metaphor: ReFantazio,9,Studio Zero,Atlus,"Oct 11, 2024"
DC Universe™ Online,7,Sony Online Entertainment,"Sony Online Entertainment, Daybreak Game Company","Jan 11, 2011"
Slime Rancher 2,7,Monomi Park,Monomi Park,"Sep 22, 2022"
Shadow Warrior 2,8.6,Flying Wild Hog,Devolver Digital,"Oct 13, 2016"
DREDGE,8,Black Salt Games,Black Salt Games,"Mar 30, 2023"
Tropico 6,7.3,Limbic Entertainment,Kalypso Media,"Mar 29, 2019"
Wreckfest,9,Bugbear Entertainment,THQ Nordic,"Jun 14, 2018"
Outlast 2,7.8,Red Barrels,Red Barrels,"Sep 4, 2013"
Two Point Hospital,8.4,Two Point Studios,SEGA,"Aug 30, 2018"
Enter the Gungeon,8.5,Dodge Roll,Devolver Digital,"Apr 5, 2016"
Lords of the Fallen,8,Hexworks,CI Games,"Oct 13, 2023"
Ghostrunner,8,Slipgate Ironworks,"505 Games, All In! Games","Oct 27, 2020"
Sniper Elite 5,7,Rebellion,Rebellion,"May 26, 2022"
Saints Row IV: Re-Elected,7.8,Volition,Deep Silver,"Jan 20, 2015"
Serious Sam 3: BFE,7,Croteam,Devolver Digital,"Nov 22, 2011"
This War of Mine,8.4,11 Bit Studios,11 Bit Studios,"Nov 14, 2014"
Don't Starve,7.5,Klei Entertainment,Klei Entertainment,"Apr 23, 2013"
Like a Dragon: Infinite Wealth,9,RGG Studio,SEGA,"Jan 26, 2024"
Persona 4 Golden,9.3,Atlus,Atlus,"May 20, 2012"
Saints Row: The Third,8.5,Fishlabs,"Deep Silver, THQ","Nov 11, 2011"
Total War: ATTILA,8.1,Creative Assembly,SEGA,"Feb 17, 2015"
The Outer Worlds,7,Obsidian Entertainment,Private Division,"Oct 25, 2019"
No Rest for the Wicked,7,Moon Studios,Private Division,"Apr 18, 2024"
Life is Strange - Episode 1,6.5,Don't Nod,Square Enix,"Jan 27, 2015"
Unpacking,8,Witch Beam,Humble Games,"Nov 1, 2021"
Yakuza 0,8.5,RGG Studio,SEGA,"Mar 12, 2015"
GreedFall,8.2,Spiders,Focus Home Interactive,"Sep 9, 2019"
"Warhammer 40,000: Dawn of War III",7.6,Relic,SEGA,"Apr 27, 2017"
Warhammer: End Times - Vermintide,7.2,Fatshark,Games Workshop,"Oct 23, 2015"
SOULCALIBUR VI,8.9,Project Soul,Bandai Namco Games,"Oct 19, 2018"
Resident Evil 5,10,Capcom,Capcom,"Mar 24, 2023"
Assetto Corsa Competizione,6,Kunos Simulazioni,505 Games,"May 29, 2019"
DRAGON BALL XENOVERSE,6.7,Dimps,Bandai Namco Games,"Feb 13, 2015"
METAL GEAR RISING: REVENGEANCE,8.5,PlatinumGames,Konami,"Feb 19, 2013"
Vampyr,7,Don't Nod,Focus Home Interactive,"Jun 5, 2018"
Shadow Tactics: Blades of the Shogun,8.2,Mimimi Games,"Kalypso Media, Daedalic","Dec 6, 2016"
NieR Replicant™ ver.1.22474487139...,8,Cavia,Square Enix,"Apr 22, 2021"
Dead Rising 3 Apocalypse Edition,8,Climax Studios,Sony Computer Entertainment,"Mar 4, 2014"
Darkest Dungeon® II,8,Red Hook Studios,Red Hook Studios,"May 8, 2023"
A Plague Tale: Innocence,7,Asobo Studio,Focus Home Interactive,"May 14, 2019"
HUMANKIND™,7,Amplitude Studios,SEGA,"Apr 21, 2021"
SILENT HILL 2,9,Konami,Konami,"Feb 24, 1999"
Red Orchestra 2: Heroes of Stalingrad with Rising Storm,8,Tripwire Interactive,"Lace Mamba Global, Tripwire Interactive","Sep 13, 2011"
Batman™: Arkham Origins,7.8,WB Games Montreal,Warner Bros. Interactive,"Oct 25, 2013"
OCTOPATH TRAVELER II,7,Square Enix,Square Enix,"Feb 24, 2023"
DmC: Devil May Cry,8.9,Ninja Theory,Capcom,"Jan 15, 2013"
Skul: The Hero Slayer,8,SouthPaw Games,Neowiz,"Jan 21, 2021"
DEATH STRANDING DIRECTOR'S CUT,7,Kojima Productions,"Sony Computer Entertainment, 505 Games","Sep 23, 2021"
SCARLET NEXUS,8,Bandai Namco,Bandai Namco Games,"Jun 25, 2021"
My Time at Portia,8,Pathea Games,Team17 Software,"Jan 23, 2018"
Arma 2: Operation Arrowhead,8,Bohemia Interactive,Meridian4,"Jun 29, 2010"
Marvel's Guardians of the Galaxy,8,Eidos Montreal,Square Enix,"Oct 26, 2021"
Injustice™ 2,9,NetherRealm Studios,Warner Bros. Interactive,"May 16, 2017"
Bloodstained: Ritual of the Night,8.8,WayForward,505 Games,"Jun 18, 2019"
FINAL FANTASY X/X-2 HD Remaster,9.3,Square,Square Enix,"Mar 18, 2014"
DARK SOULS™ II,9,FromSoftware,Bandai Namco Games,"Mar 11, 2014"
Yakuza: Like a Dragon,7,None,"SEGA, SEGA","Jan 16, 2020"
OCTOPATH TRAVELER™,7,Square Enix,Square Enix,"Feb 24, 2023"
"STAR WARS™ Battlefront II (Classic, 2005)",7,Pandemic Studios,LucasArts,"Oct 31, 2005"
Frostpunk 2,8,11 Bit Studios,11 Bit Studios,"Sep 17, 2024"
ENDLESS™ Legend,8.3,Amplitude Studios,Amplitude Studios,"Sep 18, 2014"
Wo Long: Fallen Dynasty,8,Team Ninja,Koei Tecmo,"Mar 3, 2023"
Shadow Warrior,8.6,Flying Wild Hog,Devolver Digital,"Sep 26, 2013"
Dune: Spice Wars,9,Shiro Games,Funcom,"Apr 26, 2022"
ENDLESS™ Space 2,7.9,Amplitude Studios,SEGA,"May 19, 2017"
Resident Evil 4 (2005),10,Capcom,Capcom,"Mar 24, 2023"
Starship Troopers: Extermination,6,Offworld,Offworld,"Oct 11, 2024"
ELEX,4.9,Piranha Bytes,Nordic Games Publishing,"Oct 17, 2017"
Darksiders III,7,Gunfire Games,THQ Nordic,"Nov 27, 2018"
Broforce,8.8,Free Lives,"Devolver Digital, Free Lives","Oct 15, 2015"
Sleeping Dogs: Definitive Edition,8.5,United Front Games,Square Enix,"Oct 14, 2014"
Tribes of Midgard,7,Norsfell,Gearbox Publishing,"Jul 27, 2021"
Thief,6.8,Eidos Montreal,Square Enix,"Feb 25, 2014"
Undisputed,6,Steel City Interactive,Steel City Interactive,"Oct 11, 2024"
Ryse: Son of Rome,6.8,Crytek Studios,"Deep Silver, Microsoft, Crytek Studios","Nov 22, 2013"
House Flipper 2,7,Frozen District,"Frozen District, PlayWay","Dec 13, 2023"
Little Nightmares II,7,Tarsier Studios,Bandai Namco Games,"Feb 11, 2021"
Monster Train,9,Shiny Shoe,Good Shepherd Entertainment,"May 21, 2020"
Danganronpa V3: Killing Harmony,None,Spike Chunsoft,NIS,"Jan 31, 2017"
Goat Simulator,8,Coffee Stain,Coffee Stain,"Nov 17, 2022"
Blasphemous,7,The Games Kitchen,Team17 Software,"Sep 10, 2019"
Iron Harvest,8,King Art,Deep Silver,"Sep 1, 2020"
Homeworld Remastered Collection,9,Gearbox,Gearbox Publishing,"Feb 25, 2015"
Sword Art Online: Fatal Bullet,5.9,Dimps,Bandai Namco Games,"Feb 23, 2018"
Bastion,9,Supergiant Games,"Warner Bros. Interactive, Supergiant Games","Jul 20, 2011"
Bayonetta,9,PlatinumGames,Nintendo,"Oct 28, 2022"
BattleBlock Theater®,7.8,The Behemoth,The Behemoth,"Apr 3, 2013"
Sonic Frontiers,7,Sonic Team,SEGA,"Nov 8, 2022"
FINAL FANTASY XVI,9,Square Enix,Square Enix,"Jun 22, 2023"
The Talos Principle,8.3,Croteam,Devolver Digital,"Dec 11, 2014"
Ultra Street Fighter® IV,9,Capcom,"Sony Computer Entertainment, Capcom","Jun 3, 2014"
DYNASTY WARRIORS 8: Xtreme Legends Complete Edition,None,Omega Force,Koei Tecmo,"Mar 25, 2014"
Hotline Miami,8.8,Dennaton Games,Devolver Digital,"Oct 23, 2012"
LEGO® Star Wars™ - The Complete Saga,8,Traveller's Tales,"Warner Bros. Interactive, LucasArts, Feral Interactive","Nov 6, 2007"
Katana ZERO,8.7,Askiisoft,Devolver Digital,"Apr 18, 2019"
Deus Ex: Human Revolution - Director's Cut,8.3,Eidos Montreal,Square Enix,"Sep 30, 2011"
Hotline Miami 2: Wrong Number,8.8,Dennaton Games,Devolver Digital,"Mar 10, 2015"
Demon Slayer -Kimetsu no Yaiba- The Hinokami Chronicles,7,CyberConnect2,SEGA,"Oct 14, 2021"
Arma Reforger,6,Bohemia Interactive,Bohemia Interactive,"Nov 16, 2023"
Persona® 5 Strikers,8,Omega Force,Atlus,"Feb 23, 2021"
Old World,8,Mohawk Games,Mohawk Games,"May 5, 2020"
Loop Hero,8,Four Quarters Team,Devolver Digital,"Mar 4, 2021"
FINAL FANTASY XII THE ZODIAC AGE,8.8,Square Enix,Square Enix,"Jul 11, 2017"
We Happy Few,7.3,Compulsion Games,Gearbox Publishing,"Aug 10, 2018"
STAR WARS™ Knights of the Old Republic™,9,Aspyr,"Aspyr, LucasArts","Jul 15, 2003"
Resident Evil Revelations,8.5,Capcom,Capcom,"Jan 26, 2012"
Destroy All Humans!,7,Black Forest Games,THQ Nordic,"Jul 28, 2020"
Lords Of The Fallen™ 2014,7.4,Deck 13,"Bandai Namco Games, CI Games","Oct 28, 2014"
Ni no Kuni™ II: Revenant Kingdom,7.8,Level-5,Bandai Namco Games,"Mar 23, 2018"
Hardspace: Shipbreaker,6,Blackbird Interactive,Focus Home Interactive,"Jun 16, 2020"
Danganronpa: Trigger Happy Havoc,8.5,Spike Chunsoft,"NIS, Spike Chunsoft","Oct 31, 2013"
SpongeBob SquarePants: Battle for Bikini Bottom - Rehydrated,5,Heavy Iron Studios,THQ Nordic,"Jun 23, 2020"
Jagged Alliance 3,9,Haemimont Games AD,THQ Nordic,"Jul 13, 2023"
METAL GEAR SOLID V: GROUND ZEROES,8,Kojima Productions,Konami,"Mar 14, 2014"
Tales of Berseria™,8.8,None,"Bandai Namco, Bandai Namco Games","Jan 24, 2017"
My Friend Pedro,8.5,Deadtoast Entertainment,Devolver Digital,"Jun 20, 2019"
Dead Island 2,7,Dambuster Studios,Deep Silver,"Apr 21, 2023"
A Plague Tale: Requiem,8,Asobo Studio,Focus Home Interactive,"Oct 18, 2022"
Sniper Ghost Warrior Contracts 2,6,CI Games,CI Games,"Jun 4, 2021"
GOD EATER 3,None,Marvelous First Studio,Bandai Namco Games,"Feb 8, 2018"
Maneater,7,Tripwire Interactive,Tripwire Interactive,"May 22, 2020"
STAR WARS™ - The Force Unleashed™ Ultimate Sith Edition,7.5,LucasArts,"Aspyr, LucasArts","Nov 3, 2009"
Aliens: Dark Descent,7,Tindalos Interactive,Focus Entertainment,"Jun 20, 2023"
The Ascent,7,Neon Giant,Curve Digital,"Jul 29, 2021"
Absolver,7.6,Sloclap,Devolver Digital,"Aug 29, 2017"
Darksiders Genesis,8.7,Airship Syndicate,THQ Nordic,"Dec 5, 2019"
Sniper Ghost Warrior 3,5.5,CI Games,CI Games,"Apr 25, 2017"
Sniper Ghost Warrior Contracts,7.3,CI Games,CI Games,"Nov 22, 2019"
DEAD OR ALIVE 6,7.7,Team Ninja,Koei Tecmo,"Mar 1, 2019"
DYNASTY WARRIORS 9,5.8,Omega Force,Koei Tecmo,"Feb 13, 2018"
The Escapists,7.6,Mouldy Toof Studios,Team17 Software,"Feb 13, 2015"
LEGO® Worlds,7.2,Traveller's Tales,Warner Bros. Interactive,"Jun 1, 2015"
Total War: ROME REMASTERED,7,Creative Assembly,"SEGA, Feral Interactive","Apr 29, 2021"
Evil West,7,Flying Wild Hog,Focus Home Interactive,"Nov 22, 2022"
RoboCop: Rogue City,7,Teyon,Nacon,"Nov 2, 2023"
Tales of Zestiria,7.8,Bandai Namco,Bandai Namco Games,"Oct 20, 2015"
CRISIS CORE –FINAL FANTASY VII– REUNION,8,Square Enix,Square Enix,"Dec 13, 2022"
Like a Dragon Gaiden: The Man Who Erased His Name,7,RGG Studio,SEGA,"Nov 9, 2023"
Kingdoms of Amalur: Re-Reckoning,6,38 Studios,THQ Nordic,"Sep 8, 2020"
Shin Megami Tensei V: Vengeance,8,Atlus,Atlus,"Jun 14, 2024"
The Surge,7.5,Deck 13,Focus Home Interactive,"May 15, 2017"
Sonic Mania,8.7,SEGA,SEGA,"Aug 15, 2017"
Yakuza Kiwami 2,8,SEGA CS1,SEGA,"Dec 7, 2017"
Desperados III,8,Mimimi Games,THQ Nordic,"Jun 16, 2020"
Darksiders II Deathinitive Edition,7.5,Vigil Games,Nordic Games Publishing,"Oct 27, 2015"
Transistor,9,Supergiant Games,Supergiant Games,"May 20, 2014"
Yakuza Kiwami,7.9,RGG Studio,SEGA,"Jan 21, 2016"
Serious Sam 4,5,Croteam,Croteam,"Sep 24, 2020"
BIOMUTANT,6,Experiment 101,THQ Nordic,"May 25, 2021"
Risk of Rain (2013),9,Hopoo Games,Gearbox Publishing,"Mar 28, 2019"
Homeworld: Deserts of Kharak,8.8,Blackbird Interactive,Gearbox Publishing,"Jan 20, 2016"
What Remains of Edith Finch,8.8,SIE San Diego Studio,Annapurna Interactive,"Apr 25, 2017"
GRIS,6.5,Nomada Studio,Devolver Digital,"Dec 13, 2018"
GUNDAM BREAKER 4,None,Crafts & Meister,Bandai Namco Games,"Aug 29, 2024"
STEINS;GATE,6.9,5PB,"JAST USA, 5PB, PQube","Oct 15, 2009"
FINAL FANTASY VII,8.2,Square,"Sony Computer Entertainment, Square Enix, Eidos Interactive, Square","Jun 1, 1997"
Call of Cthulhu®,8.6,Cyanide Studio,Focus Home Interactive,"Oct 30, 2018"
"Warhammer 40,000: Boltgun",7,Auroch Digital,Focus Entertainment,"May 23, 2023"
EverQuest II,8.5,Sony Online Entertainment,Sony Online Entertainment,"Nov 8, 2004"
LEGO® Marvel™ Super Heroes,9,Traveller's Tales,Warner Bros. Interactive,"Oct 22, 2013"
Attack on Titan 2 - A.O.T.2,7,Omega Force,Koei Tecmo,"Mar 14, 2018"
CARRION,7,Phobia Game Studio,Devolver Digital,"Jul 23, 2020"
Valkyria Chronicles™,9,SEGA,SEGA,"Apr 24, 2008"
Sword Art Online: Hollow Realization Deluxe Edition,6.7,Aquria,Bandai Namco Games,"Nov 8, 2016"
Zombie Army 4: Dead War,7,Rebellion,Rebellion,"Feb 4, 2020"
Two Point Campus,8,Two Point Studios,SEGA,"Aug 9, 2022"
Homefront®: The Revolution,5,Dambuster Studios,Deep Silver,"May 17, 2016"
The Surge 2,7.6,Deck 13,Focus Home Interactive,"Sep 24, 2019"
KINGDOM HEARTS -HD 1.5+2.5 ReMIX-,8.5,Square Enix,Square Enix,"Sep 10, 2013"
Mutant Year Zero: Road to Eden,7.9,The Bearded Ladies,Funcom,"Dec 4, 2018"
Evil Genius 2: World Domination,6,Rebellion,Rebellion,"Mar 31, 2021"
Neon White,8,Ben Esposito,Annapurna Interactive,"Jun 16, 2022"
DAEMON X MACHINA,6.5,Marvelous First Studio,"Nintendo, Xseed Games","Sep 13, 2019"
Sonic & All-Stars Racing Transformed Collection,8.6,Sumo Digital,SEGA,"Jun 16, 2012"
Remember Me,5.9,Don't Nod,Capcom,"Jun 4, 2013"
Like a Dragon: Ishin!,7,RGG Studio,SEGA,"Feb 21, 2023"
System Shock,9,NightDive Studios,NightDive Studios,"May 30, 2023"
FINAL FANTASY® XIII,8.9,Square Enix,Square Enix,"Dec 17, 2009"
Dead Rising 4,8.1,Capcom Game Studio Vancouver,Capcom,"Dec 5, 2016"
Aliens vs. Predator™,8.5,Rebellion,SEGA,"Feb 16, 2010"
Have a Nice Death,8,Magic Design Studios,Gearbox Publishing,"Mar 8, 2022"
Ancestors: The Humankind Odyssey,7,Panache Digital Games,Private Division,"Aug 27, 2019"
Blood Bowl 2,5,Cyanide Studio,Nacon,"Feb 23, 2023"
Life is Strange: True Colors,9,Deck Nine Games,Square Enix,"Sep 10, 2021"
Granblue Fantasy Versus: Rising,9,ARC System Works,Cygames,"Dec 14, 2023"
Beyond: Two Souls,6,Quantic Dream,"Sony Computer Entertainment, Quantic Dream","Oct 8, 2013"
STAR WARS™ Knights of the Old Republic™ II - The Sith Lords™,8.7,Obsidian Entertainment,"Aspyr, LucasArts","Dec 6, 2004"
Griftlands,9,Klei Entertainment,Klei Entertainment,"Jun 14, 2020"
Little Nightmares,8.8,Tarsier Studios,"Bandai Namco Games, Playdigious","Apr 27, 2017"
ONE PIECE ODYSSEY,7,"Ilca, Inc.",Bandai Namco Games,"Jan 12, 2023"
Dead Rising® 2,8,Blue Castle Games,Capcom,"Sep 24, 2010"
Total War: PHARAOH,8,Creative Assembly,SEGA,"Oct 11, 2023"
Trepang2,8,Trepang Studios,"Team17 Software, Trepang Studios","Jun 21, 2023"
DRAGON QUEST BUILDERS™ 2,8.8,Square Enix,Square Enix,"Dec 20, 2018"
Lost Judgment,7,RGG Studio,SEGA,"Sep 23, 2021"
Sniper: Ghost Warrior 2,5,CI Games,CI Games,"Jan 15, 2013"
Journey,9,thatgamecompany (TGC),"Sony Computer Entertainment, Annapurna Interactive","Mar 13, 2012"
STAR WARS™ Republic Commando™,8.2,LucasArts,"Aspyr, LucasArts","Feb 17, 2005"
F.E.A.R. 3,8,Day 1 Studios,Warner Bros. Interactive,"Jun 21, 2011"
ABZU,8.4,Giant Squid,505 Games,"Aug 2, 2016"
Metal: Hellsinger,7,The Outsiders,Funcom,"Sep 15, 2022"
Torchlight III,6,Echtra Games,Perfect World Entertainment,"Oct 13, 2020"
Blasphemous 2,8,The Games Kitchen,Team17 Software,"Aug 24, 2023"
Aliens: Colonial Marines Collection,5,Gearbox,SEGA,"Feb 12, 2013"
FINAL FANTASY IX,9.2,Square,"Square Enix, Square, Square Electronic Arts (US)","Jul 7, 2000"
Supreme Commander: Forged Alliance,8.6,Gas Powered Games,THQ,"Nov 6, 2007"
Judgment,8.2,SEGA CS1,SEGA,"Jun 21, 2019"
A Total War Saga: TROY,8,Creative Assembly,SEGA,"Aug 13, 2020"
Dungeon of the ENDLESS™,8.1,Amplitude Studios,Amplitude Studios,"Oct 28, 2014"
LEGO® Harry Potter: Years 1-4,8.5,Traveller's Tales,"Warner Bros. Interactive, Feral Interactive","Jun 25, 2010"
Battlefleet Gothic: Armada,7.1,Tindalos Interactive,Focus Home Interactive,"Apr 21, 2016"
Death's Door,9,Acid Nerve,Devolver Digital,"Jul 20, 2021"
Terra Invicta,6,Long War Studios,Hooded Horse,"Sep 26, 2022"
Natural Selection 2,8,Unknown Worlds Entertainment,Unknown Worlds Entertainment,"Oct 30, 2012"
Injustice: Gods Among Us Ultimate Edition,8.2,NetherRealm Studios,Warner Bros. Interactive,"Nov 12, 2013"
Granblue Fantasy: Versus,8,ARC System Works,"Marvelous Entertainment, Xseed Games, Cygames","Dec 31, 2019"
Homeworld 3,8,Blackbird Interactive,Gearbox Publishing,"May 10, 2024"
Trials of Mana,8,Square Enix,Square Enix,"Apr 24, 2020"
Saints Row: Gat out of Hell,7,Volition,Deep Silver,"Jan 20, 2015"
Torchlight,8,Runic Games,"Microsoft, Encore, Perfect World Entertainment","Oct 27, 2009"
Sanctum 2,8.5,Coffee Stain,"D3 Publisher, Reverb Publishing, Coffee Stain","May 15, 2013"
Katamari Damacy REROLL,8.8,Namco,Bandai Namco Games,"Dec 7, 2018"
The Talos Principle 2,8,Croteam,Devolver Digital,"Nov 2, 2023"
Phantom Doctrine,7.4,CreativeForge Games,Good Shepherd Entertainment,"Aug 14, 2018"
Saints Row 2,6,Volition,Deep Silver,"Aug 23, 2022"
Rogue Company,7,First Watch Games,Hi-Rez Studios,"Jul 20, 2020"
Strange Brigade,7.5,Rebellion,Rebellion,"Aug 28, 2018"
Necromunda: Hired Gun,5,Streum On Studio,Focus Home Interactive,"Jun 1, 2021"
Outpost: Infinity Siege,7,TeamRanger,Lightning Games,"Mar 26, 2024"
Starship Troopers: Terran Command,7,The Artistocrats,Slitherine Software,"Jun 16, 2022"
Session: Skate Sim,6,Crea-ture Studios,Nacon,"Sep 17, 2019"
Wargroove,8.5,Chucklefish,Chucklefish,"Feb 1, 2019"
Road 96,8,Digixart Entertainment,Digixart Entertainment,"Aug 16, 2021"
Pit People®,7.8,The Behemoth,The Behemoth,"Mar 1, 2018"
Gothic 1,8.6,Piranha Bytes,Xicat Interactive,"Nov 24, 2001"
F1® Manager 2023,8,Frontier Developments,Frontier Developments,"Jul 31, 2023"
LEGO® STAR WARS™: The Force Awakens,9,TT Games,Warner Bros. Interactive,"Jun 28, 2016"
Murdered: Soul Suspect,5.5,Airtight Games,Square Enix,"Jun 3, 2014"
Cave Story+,8.5,Studio Pixel,Nicalis,"Dec 31, 2007"
Eastward,8,Pixpil,Chucklefish,"Sep 16, 2021"
Mount & Blade: With Fire & Sword,7.5,Taleworlds,Paradox Interactive,"May 3, 2011"
Risen 3 - Titan Lords,5.2,Piranha Bytes,THQ Nordic,"Aug 3, 2014"
SWORD ART ONLINE Alicization Lycoris,5,Aquria,Bandai Namco Games,"Jul 10, 2020"
Sonic Adventure 2,9.4,Sonic Team,"SEGA, ACE (2)","Jun 20, 2001"
Heavy Rain,9,Quantic Dream,"Sony Computer Entertainment, Quantic Dream","Feb 18, 2009"
TRIANGLE STRATEGY,8,ArtDink,Square Enix,"Mar 4, 2022"
STRANGER OF PARADISE FINAL FANTASY ORIGIN,8,Team Ninja,Square Enix,"Mar 18, 2022"
Battle Chasers: Nightwar,8,HandyGames,"THQ Nordic, Airship Syndicate","Oct 3, 2017"
Brothers - A Tale of Two Sons,8.2,Starbreeze AB,505 Games,"Aug 7, 2013"
Forspoken,6,Luminous Productions,Square Enix,"Jan 24, 2023"
LEGO® Jurassic World,7.6,TT Games,Warner Bros. Games,"Jun 12, 2015"
CHRONO TRIGGER®,10,Square,"Square Enix, Square","Mar 11, 1995"
Company of Heroes,6,Relic,SEGA,"Feb 23, 2023"
DEAD RISING®,8.3,Capcom,Capcom,"Aug 8, 2006"
LEGO® MARVEL's Avengers,6.7,TT Games,Warner Bros. Games,"Jan 26, 2016"
Vanquish,8.5,PlatinumGames,SEGA,"Oct 19, 2010"
"Warhammer 40,000: Battlesector",8,Black Lab Games,Slitherine Software,"Jul 15, 2021"
LEGO® Star Wars™ III - The Clone Wars™,6,Traveller's Tales,"LucasArts, Feral Interactive","Feb 28, 2011"
Curse of the Dead Gods,9,Passtech Games,Focus Home Interactive,"Mar 3, 2020"
Return to Monkey Island,9,Terrible Toybox,Devolver Digital,"Sep 19, 2022"
"Invisible, Inc.",8.5,Klei Entertainment,Klei Entertainment,"May 12, 2015"
Supreme Commander 2,8.4,Gas Powered Games,Square Enix,"Mar 2, 2010"
LEGO® The Lord of the Rings™,6.8,TT Games,Warner Bros. Interactive,"Oct 31, 2012"
Pyre,9.7,Supergiant Games,Supergiant Games,"Jul 25, 2017"
Othercide,9,Lightbulb Crew,Focus Home Interactive,"Jul 28, 2020"
BERSERK and the Band of the Hawk,6.3,Omega Force,Koei Tecmo,"Sep 21, 2016"
Bulletstorm: Full Clip Edition,7.8,Epic Games,Gearbox Publishing,"Apr 7, 2017"
"Warhammer 40,000: Gladius - Relics of War",7.9,Proxy Studios,Slitherine Software,"Jul 12, 2018"
LOST PLANET® 3,6.2,Capcom,Capcom,"Mar 31, 2013"
Champions Online,7.6,Cryptic Studios,"Bandai Namco Games, Atari","Sep 1, 2009"
How to Survive,5.4,Eko Software,505 Games,"Oct 23, 2013"
Beyond The Wire,6,Redstone Interactive,Offworld,"Aug 31, 2022"
Eiyuden Chronicle: Hundred Heroes,7,Rabbit & Bear,505 Games,"Apr 23, 2024"
Castlevania: Lords of Shadow 2,6.5,MercurySteam,Konami,"Jan 28, 2014"
WORLD OF FINAL FANTASY®,7,Tose Software,Square Enix,"Oct 25, 2016"
Project CARS 3,6,Slightly Mad Studios,Bandai Namco Games,"Aug 28, 2020"
Ghostrunner 2,9,One More Level,505 Games,"Oct 26, 2023"
Agents of Mayhem,7.1,Volition,Deep Silver,"Aug 15, 2017"
Expeditions: Rome,8,Logic Artists,THQ Nordic,"Jan 20, 2022"
Warhammer: Chaosbane,8.7,Eko Software,Nacon,"Jun 4, 2019"
Banishers: Ghosts of New Eden,7,Don't Nod,Focus Entertainment,"Feb 13, 2024"
LIGHTNING RETURNS™: FINAL FANTASY® XIII,7,Square Enix,Square Enix,"Feb 14, 2013"
METAL GEAR SURVIVE,6.5,Konami,Konami,"Feb 20, 2018"
F1® Manager 2024,8,Frontier Developments,Frontier Developments,"Jul 23, 2024"
I Am Bread,7.2,Just Add Water Developments,Bossa Games,"Dec 3, 2014"
Punch Club,6.5,Lazy Bear Games,TinyBuild Games,"Jan 8, 2016"
ENDLESS™ Dungeon,8,Amplitude Studios,SEGA,"Oct 19, 2023"
Twelve Minutes,8,Nomada Studio,Annapurna Interactive,"Aug 19, 2021"
Battlestar Galactica Deadlock,7.8,Slitherine Software,Slitherine Software,"Aug 31, 2017"
Visions of Mana,8,Square Enix,Square Enix,"Aug 29, 2024"
FINAL FANTASY TYPE-0™ HD,8,Square Enix,Square Enix,"Mar 17, 2015"
STAR WARS™: The Force Unleashed™ II,6.5,LucasArts,LucasArts,"Oct 26, 2010"
EverQuest,8.4,Sony Online Entertainment,Sony Online Entertainment,"Mar 16, 1999"
FINAL FANTASY® XIII-2,8,Square Enix,Square Enix,"Dec 15, 2011"
GUILTY GEAR Xrd -SIGN-,8.5,ARC System Works,"ARC System Works, Aksys Games","Feb 20, 2014"
Wizard with a Gun,6,Galvanic Games,Devolver Digital,"Oct 17, 2023"
The Messenger,8,Sabotage Studio,Devolver Digital,"Aug 30, 2018"
Gorogoa,8.5,Buried Signal,Annapurna Interactive,"Dec 14, 2017"
Hellpoint,6,Cradle Games,TinyBuild Games,"Jul 30, 2020"
Expeditions: A MudRunner Game,8,Saber Interactive,Focus Entertainment,"Mar 5, 2024"
Thymesia,6,OverBorder Studio,Team17 Software,"Aug 18, 2022"
Sonic Forces,6.9,Sonic Team,SEGA,"Nov 7, 2017"
Journey To The Savage Planet,6,Kindred Aerospace,"505 Games, Typhoon Studios","Jan 28, 2020"
Styx: Shards of Darkness,7.8,Cyanide Studio,Focus Home Interactive,"Mar 14, 2017"
Scribblenauts Unlimited,8.8,5th Cell,Warner Bros. Interactive,"Nov 13, 2012"
Saints Row,6,Volition,Deep Silver,"Aug 23, 2022"
Yakuza 3 Remastered,8.5,Amusement Vision,SEGA,"Aug 9, 2018"
Homefront,7,Kaos Studios,"THQ, Spike","Mar 11, 2010"
NARUTO: Ultimate Ninja STORM,8.4,CyberConnect2,Bandai Namco Games,"Nov 4, 2008"
The Secret of Monkey Island: Special Edition,8.7,LucasArts,"Aspyr, LucasArts","Jul 15, 2009"
Indivisible,8.8,Lab Zero Games,505 Games,"Oct 8, 2019"
Risen,8.6,Piranha Bytes,"Deep Silver, THQ Nordic","Oct 2, 2009"
Digimon Survive,6,Hyde,Bandai Namco Games,"Jul 28, 2022"
Blackguards,7.8,Daedalic,Daedalic,"Jan 22, 2014"
BlazBlue: Cross Tag Battle,8.3,ARC System Works,"ARC System Works, PQube","Jun 5, 2018"
FINAL FANTASY VI,9.5,Square,"Square Enix, Square","Nov 2, 1994"
Saints Row®: The Third™ Remastered,7,Volition,Deep Silver,"May 22, 2020"
Team Sonic Racing™,8.5,Sumo Digital,SEGA,"May 21, 2019"
Rune Factory 5,6,Marvelous Entertainment,"Marvelous Entertainment, Xseed Games","May 20, 2021"
World of Warplanes,7.8,Wargaming,Wargaming,"Nov 13, 2013"
Disney Speedstorm,5,Gameloft Barcelona,Gameloft,"Apr 18, 2023"
Persona 5 Tactica,8,Atlus,"SEGA, Atlus","Nov 17, 2023"
The Technomancer,4.9,Spiders,Focus Home Interactive,"Jun 28, 2016"
The Casting of Frank Stone™,5,Behaviour Interactive,Behaviour Interactive,"Sep 3, 2024"
Tales of Symphonia,8.5,Team Symphonia (Namco Tales Studio),Namco,"Aug 29, 2003"
FATAL FRAME / PROJECT ZERO: Maiden of Black Water,7,Koei Tecmo,"Nintendo, Koei Tecmo","Sep 27, 2014"
Serious Sam 2,7.7,Croteam,"Majesco, Take-Two Interactive, Gotham Games","Dec 10, 2001"
Moving Out,8,SMG Studio,Team17 Software,"Apr 28, 2020"
MY HERO ONE'S JUSTICE 2,6,Byking,Bandai Namco Games,"Mar 12, 2020"
The Invincible,5,Starward Industries,Starward Industries,"Nov 6, 2023"
Test Drive Unlimited Solar Crown,5,Kylotonn,Nacon,"Sep 5, 2024"
FINAL FANTASY VIII,8.2,Square,"Sony Computer Entertainment, Square Enix, Eidos Interactive, Square","Jun 1, 1997"
ELEX II,4,Piranha Bytes,THQ Nordic,"Mar 1, 2022"
Persona 4 Arena Ultimax,9.1,Atlus,Atlus,"Nov 28, 2013"
Disciples: Liberation,7,Frima Studios,Kalypso Media,"Oct 21, 2021"
BRAVELY DEFAULT II,8,ClayTechWorks,Square Enix,"Feb 26, 2021"
Puyo Puyo™Tetris®,8.7,SEGA,SEGA,"Dec 29, 2014"
Ashen,8.5,A44 Games,Annapurna Interactive,"Dec 6, 2018"
SOUTH PARK: SNOW DAY!,3,Question,THQ Nordic,"Mar 26, 2024"
Steelrising,6,Spiders,Nacon,"Sep 8, 2022"
STAR WARS™ Jedi Knight - Jedi Academy™,8,LucasArts,"Activision, MacPlay, Aspyr, LucasArts","Sep 16, 2003"
Chorus,8,Fishlabs,Deep Silver,"Dec 3, 2021"
COCOON,9,Geometric Interactive,Annapurna Interactive,"Sep 29, 2023"
Terminator: Dark Fate - Defiance,5,Slitherine Software,Slitherine Software,"Feb 21, 2024"
Ys Origin,8,Nihon Falcom,"DotEmu, Xseed Games","May 31, 2012"
Sonic Adventure DX,8.6,Sonic Team,SEGA,"Jul 15, 1999"
Silent Hill Homecoming,7,Konami,Konami,"Sep 30, 2008"
DuckTales: Remastered,7,WayForward,Capcom,"Apr 1, 2013"
Painkiller Hell & Damnation,5,The Farm 51,Nordic Games Publishing,"Oct 25, 2012"
Bomber Crew,8.5,Runner Duck,Curve Digital,"Oct 19, 2017"
The Last Campfire,9,Hello Games,Hello Games,"Aug 28, 2020"
Yakuza 6: The Song of Life,7.5,RGG Studio,SEGA,"Apr 17, 2018"
Goat Simulator 3,8,Coffee Stain,Coffee Stain,"Nov 17, 2022"
Blood Bowl 3,5,Cyanide Studio,Nacon,"Feb 23, 2023"
Secret of Mana,7.6,Square Enix,Square Enix,"Feb 15, 2018"
Marvel vs. Capcom: Infinite,7.7,Capcom,Capcom,"Sep 19, 2017"
Donut County,7.8,Ben Esposito,Annapurna Interactive,"Aug 28, 2018"
SONIC SUPERSTARS,7,Arzest,SEGA,"Oct 17, 2023"
Destroy All Humans! 2 - Reprobed,6,Black Forest Games,THQ Nordic,"Aug 29, 2022"
Alone in the Dark,6,Pieces Interactive,THQ Nordic,"Mar 20, 2024"
Tomb Raider: Anniversary,7,Crystal Dynamics,"Eidos Interactive, Feral Interactive","Jun 1, 2007"
Shadow Warrior 3: Definitive Edition,7,Flying Wild Hog,Devolver Digital,"Mar 1, 2022"
Supreme Commander,4.5,Gas Powered Games,"Aspyr, THQ","Feb 20, 2007"
Final Fantasy III (3D Remake),7.5,Square Enix,Square Enix,"Aug 24, 2006"
Meet Your Maker,8,Behaviour Interactive,Behaviour Interactive,"Apr 4, 2023"
Rune Factory 4 Special,8,Hakama,"Marvelous Entertainment, Xseed Games","Dec 31, 2019"
The LEGO® Movie - Videogame,6.5,Warner Bros. Interactive,"Warner Bros. Interactive, Feral Interactive","Feb 7, 2014"
WRC 10 FIA World Rally Championship,7,Milestone,"Deep Silver, Black Bean","Oct 7, 2010"
Bound By Flame,7,Spiders,Focus Home Interactive,"May 9, 2014"
Trine 5: A Clockwork Conspiracy,8,Frozenbyte,THQ Nordic,"Aug 31, 2023"
DRAGON QUEST HEROES™ II,7.5,Omega Force,Square Enix,"Apr 25, 2017"
The Thaumaturge,8,Fool's Theory,11 Bit Studios,"Mar 4, 2024"
SpongeBob SquarePants: The Cosmic Shake,5,Purple Lamp Studios,THQ Nordic,"Jan 31, 2023"
Alpha Protocol™,6.3,Obsidian Entertainment,SEGA,"May 27, 2010"
Titan Souls,8,Acid Nerve,Devolver Digital,"Apr 14, 2015"
Crime Boss: Rockay City,4,Ingame Studios,505 Games,"Mar 28, 2023"
STAR OCEAN THE DIVINE FORCE,7,Tri-Ace,Square Enix,"Oct 27, 2022"
Stray Gods: The Roleplaying Musical,7,Summerfall Studios,Humble Games,"Aug 10, 2023"
ANNO: Mutationem,8,ThinkingStars,Lightning Games,"Mar 17, 2022"
Final Fantasy IV (3D Remake),7.5,Square Enix,Square Enix,"Aug 24, 2006"
Hob,7.8,Panic Button,Perfect World Entertainment,"Sep 26, 2017"
Scribblenauts Unmasked: A DC Comics Adventure,9.1,5th Cell,Warner Bros. Interactive,"Sep 24, 2013"
I am Setsuna,7.5,Tokyo RPG Factory,Square Enix,"Feb 18, 2016"
Yakuza 4 Remastered,6.5,RGG Studio,SEGA,"Oct 29, 2019"
SAMURAI WARRIORS 5,7,Omega Force,Koei Tecmo,"Jun 24, 2021"
Hard West,7,CreativeForge Games,"Forever Entertainment, Gambitious Digital Entertainment","Nov 18, 2015"
LEGO® The Hobbit™,7.4,TT Games,Warner Bros. Interactive,"Apr 11, 2014"
Sable,7,Shedworks,Raw Fury Games,"Sep 23, 2021"
Red Faction®: Armageddon™,7,Volition,THQ,"Jun 2, 2011"
[NINJA GAIDEN: Master Collection] NINJA GAIDEN Σ2,None,Team Ninja,Koei Tecmo,"Jun 10, 2021"
LEGO® Batman™ 3: Beyond Gotham,7.4,TT Games,Warner Bros. Interactive,"Nov 11, 2014"
Yakuza 5 Remastered,None,SEGA CS1,SEGA,"Jun 20, 2019"
Hood: Outlaws & Legends,6,Sumo Digital,Focus Home Interactive,"May 10, 2021"
Soul Hackers 2,7,Atlus,Atlus,"Aug 26, 2022"
Red Faction Guerrilla Re-Mars-tered,8,Volition,THQ Nordic,"Jul 3, 2018"
SAND LAND,6,Bandai Namco,Bandai Namco Games,"Apr 26, 2024"
Sacred 3,6.5,Keen Games,Deep Silver,"Aug 5, 2014"
LEGO® Pirates of the Caribbean: The Video Game,7.5,TT Games,Disney Interactive Studios,"May 10, 2011"
LEGO® Batman™: The Videogame,7.3,Traveller's Tales,"Warner Bros. Interactive, Feral Interactive","Sep 23, 2008"
Carmageddon: Max Damage,5.4,Stainless Games,Stainless Games,"Jul 5, 2016"
WRC 7 FIA World Rally Championship,7,Milestone,"Deep Silver, Black Bean","Oct 7, 2010"
Dead Rising 2: Off the Record,7,Blue Castle Games,Capcom,"Sep 30, 2010"
AEW: Fight Forever,None,Yuke's Media Creations,"THQ Nordic, AEW Games","Jun 29, 2023"
Sonic Lost World,5.8,Sonic Team,SEGA,"Oct 22, 2013"
Kane & Lynch 2: Dog Days,7,Io Interactive,"Square Enix, Eidos Interactive","Aug 17, 2010"
LEGO® Indiana Jones™: The Original Adventures,8,Traveller's Tales,"LucasArts, Feral Interactive","Jun 3, 2008"
The Long Journey Home,6.4,Daedalic,Daedalic,"May 30, 2017"
The Oregon Trail,8,MECC,MECC,"Dec 31, 1985"
Occupy Mars: The Game,8,Pyramid Games,"Pyramid Games, PlayWay S.A.","May 10, 2023"
KINGDOM HEARTS III + Re Mind (DLC),6,Square Enix,Square Enix,"Jan 23, 2020"
LEGO® DC Super-Villains,7.8,TT Games,Warner Bros. Interactive,"Oct 16, 2018"
Risen 2: Dark Waters,6.5,Piranha Bytes,Deep Silver,"Apr 27, 2012"
SENRAN KAGURA Burst Re:Newal,6.5,Honey ∞ Parade Games,"Marvelous Entertainment, Xseed Games","Feb 22, 2018"
Rock of Ages,None,ACE Team,Atlus,"Aug 31, 2011"
Way of the Samurai 4,5.5,Acquire,"Spike, Rising Star Games, Xseed Games, Ghostlight","Feb 17, 2011"
Sniper Elite,5.5,Rebellion,"Ingram Entertainment, Namco, Maximum Family Games, Wanadoo Edition, Reef Entertainment","Sep 30, 2005"
"STAR WARS™ Battlefront (Classic, 2004)",7.5,Pandemic Studios,"Aspyr, LucasArts","Sep 20, 2004"
Rollerdrome,9,Roll7,Private Division,"Aug 16, 2022"
Pathway,7,Robotality,Chucklefish,"Apr 10, 2019"
SpellForce 3 Fallen God,7,Grimlore Games,THQ Nordic,"Nov 3, 2020"
ONE PUNCH MAN: A HERO NOBODY KNOWS,6,Spike Chunsoft,Bandai Namco Games,"Feb 28, 2020"
The Dwarves,6.2,King Art,THQ Nordic,"Dec 1, 2016"
LUFTRAUSERS,8.7,Vlambeer,Devolver Digital,"Mar 18, 2013"
Cricket 24,5,Big Ant Studios,Nacon,"Oct 4, 2023"
AO Tennis 2,7,Big Ant Studios,BigBen Interactive,"Jan 9, 2020"
Ys I & II Chronicles+,6.5,Nihon Falcom,"Nihon Falcom Corp, Xseed Games, DigiCube","Aug 1, 2004"
STORY OF SEASONS: Pioneers of Olive Town,7,Marvelous Entertainment,"Marvelous Entertainment, Xseed Games","Feb 25, 2021"
DISSIDIA FINAL FANTASY NT Free Edition,6.9,Square Enix,Square Enix,"Jan 11, 2018"
Tomb Raider: Legend,8.2,Crystal Dynamics,"Eidos Interactive, Spike","Apr 7, 2006"
MX vs. ATV Reflex,5.7,Rainbow Studios,THQ,"Dec 1, 2009"
Roguebook,7,Abrakam,Nacon,"Jun 24, 2021"
I Am Fish,7,Bossa Games,Curve Digital,"Sep 16, 2021"
WRC 9 FIA World Rally Championship,7,Milestone,"Deep Silver, Black Bean","Oct 7, 2010"
Teenage Mutant Ninja Turtles: The Cowabunga Collection,7,Digital Eclipse,Konami,"Aug 30, 2022"
PAC-MAN™ Championship Edition DX+,10,Bandai Namco,Bandai Namco Games,"Sep 30, 2010"
DORAEMON  STORY OF SEASONS,5.5,Marvelous Entertainment,Bandai Namco Games,"Oct 11, 2019"
Binary Domain,7.5,SEGA CS1,SEGA,"Feb 16, 2012"
Lost Planet™: Extreme Condition,7.1,Capcom,Capcom,"Dec 21, 2006"
ICBM,6,K-Project,Slitherine Ltd.,"Nov 17, 2020"
Enemy Front,4.7,CI Games,CI Games,"Jun 10, 2014"
Hard West 2,7,Ice Code Games,Good Shepherd Entertainment,"Aug 4, 2022"
Just Die Already,5,DoubleMoose,Curve Digital,"May 20, 2021"
NARUTO SHIPPUDEN: Ultimate Ninja STORM 2,8,CyberConnect2,Bandai Namco Games,"Oct 14, 2010"
STAR WARS™ Jedi Knight II - Jedi Outcast™,9,Vicarious Visions,"Aspyr, LucasArts","Mar 28, 2002"
FINAL FANTASY II,6.1,Square,"Square Enix, Square","Dec 17, 1988"
The Plucky Squire,7,All Possible Futures,Devolver Digital,"Sep 17, 2024"
Sayonara Wild Hearts,7.9,Simogo,Annapurna Interactive,"Sep 19, 2019"
Sniper: Ghost Warrior,4.5,CI Games,CI Games,"Jun 29, 2010"
Tomb Raider: Underworld,8.5,Crystal Dynamics,Eidos Interactive,"Nov 18, 2008"
Serious Sam VR: The First Encounter,9,Croteam,"Global Star, Gathering of Developers (aka GOD Games)","Mar 23, 2001"
MY HERO ONE'S JUSTICE,7,Byking,Bandai Namco Games,"Oct 25, 2018"
Scars Above,5,Mad Head Games,Prime Matter,"Feb 28, 2023"
Observation,9,No Code Studios,No Code Studios,"May 21, 2019"
Exit the Gungeon,7,Dodge Roll,Devolver Digital,"Sep 19, 2019"
Call of the Sea,9,Out of the Blue,Raw Fury Games,"Dec 8, 2020"
Batman™: Arkham VR,7.2,Rocksteady,Warner Bros. Interactive,"Oct 11, 2016"
The Talos Principle VR,8.3,Croteam,Devolver Digital,"Dec 11, 2014"
Dungeon Siege III,6.5,Obsidian Entertainment,Square Enix,"Jun 16, 2011"
Mount & Blade,8,Taleworlds,Paradox Interactive,"Sep 16, 2008"
Gothic® 3,4.9,Piranha Bytes,"Aspyr, JoWooD Entertainment AG, Deep Silver","Oct 13, 2006"
LIVE A LIVE,9,Square Enix,Square Enix,"Jul 22, 2022"
Atelier Rorona ~The Alchemist of Arland~ DX,5,Gust,"NIS, Koei Tecmo","Jun 25, 2009"
Mars: War Logs,5.3,Spiders,Focus Home Interactive,"Apr 26, 2013"
Atelier Ayesha: The Alchemist of Dusk DX,6.2,Gust,"Koei Tecmo, Gust","Dec 31, 2012"
Edna & Harvey: Harvey's New Eyes,6,Daedalic,Daedalic,"Oct 16, 2012"
Moons of Madness,5,Rock Pocket Games,Rock Pocket Games,"Oct 22, 2019"
Gods Will Be Watching,8,Deconstructeam,Devolver Digital,"Jul 24, 2014"
Z1 Battle Royale,7,Daybreak Game Company,Daybreak Game Company,"Feb 28, 2018"
The Pathless,8,Giant Squid,Annapurna Interactive,"Nov 12, 2020"
Mighty No. 9,5.6,Inti Creates,"Deep Silver, Comcept","Jun 21, 2016"
Super Monkey Ball Banana Mania,6,RGG Studio,SEGA,"Oct 5, 2021"
NEO: The World Ends with You,7,HAND,Square Enix,"Jul 27, 2021"
Dungeons & Dragons: Chronicles of Mystara,8.3,Iron Galaxy Studios,Capcom,"Jun 18, 2013"
Fahrenheit: Indigo Prophecy Remastered,6.2,Quantic Dream,"Aspyr, Meridiem","Jan 29, 2015"
Blackguards 2,7.8,None,"Kalypso Media, +1 more, Kalypso Media, Daedalic","Jan 20, 2015"
Tomb Raider I (1996),9.1,Crystal Dynamics,Square Enix,"Mar 5, 2013"
Outcast - A New Beginning,7,Appeal Studios,THQ Nordic,"Mar 15, 2024"
Split/Second,8.5,Black Rock Studio,Disney Interactive Studios,"May 18, 2010"
VALKYRIE ELYSIUM,6,Soleil,Square Enix,"Sep 29, 2022"
No More Heroes,7.8,Grasshopper Manufacture,"Ubisoft, Marvelous Entertainment, Spike, Rising Star Games","Dec 6, 2007"
STAR WARS™ Jedi Knight: Dark Forces II,8,LucasArts,LucasArts,"Oct 9, 1997"
Just Cause,5.5,Avalanche Studios (SE),"Square Enix, Electronic Arts, Eidos Interactive","Sep 22, 2006"
Sword Art Online: Lost Song,6,ArtDink,Bandai Namco Games,"Sep 30, 2015"
Ys: Memories of Celceta,7.5,Nihon Falcom,"Nihon Falcom Corp, Xseed Games","Sep 27, 2012"
Metal Wolf Chaos XD,5.5,FromSoftware,Devolver Digital,"Aug 6, 2019"
WRC 6 FIA World Rally Championship,7.1,Kylotonn,BigBen Interactive,"Oct 7, 2016"
Battlerite,8.2,Stunlock Studios,Coffee Stain,None
Sword Art Online Re: Hollow Fragment,5.5,None,"Bandai Namco, Bandai Namco Games","Apr 24, 2014"
Deadfall Adventures,4,The Farm 51,Nordic Games Publishing,"Nov 13, 2013"
Lara Croft and the Guardian of Light,8.5,Crystal Dynamics,"Square Enix, Feral Interactive","Aug 18, 2010"
APE OUT,8.8,None,None,"Feb 28, 2019"
ADR1FT,6,Three One Zero,505 Games,"Mar 28, 2016"
Company of Heroes: Tales of Valor,7,Relic,THQ,"Apr 9, 2009"
The Night of the Rabbit,7.9,Daedalic,Daedalic,"May 29, 2013"
LEGO® Batman™ 2: DC Super Heroes,5.5,Traveller's Tales,Warner Bros. Interactive,"Jun 19, 2012"
Randal's Monday,4.5,Nexus Game Studios [Spain],"TBA, Daedalic","Nov 12, 2014"
Evil Genius,7.8,Elixir Studios,Vivendi Games,"Sep 28, 2004"
Castlevania Anniversary Collection,8,Konami,Konami,"May 16, 2019"
Batman™: Arkham Origins Blackgate - Deluxe Edition,7.4,Armature Studio,Warner Bros. Interactive,"Oct 25, 2013"
The DioField Chronicle,7,Lancarse,Square Enix,"Sep 22, 2022"
Rogue Lords,None,Cyanide Studio,Nacon,"Sep 30, 2021"
WRC 8 FIA World Rally Championship,7,Milestone,"Deep Silver, Black Bean","Oct 7, 2010"
Ys SEVEN,8,Nihon Falcom,"Nihon Falcom Corp, Xseed Games","Sep 17, 2009"
GUILTY GEAR XX ACCENT CORE PLUS R,7.9,ARC System Works,ARC System Works,"Dec 30, 2012"
Lorelei and the Laser Eyes,9,Simogo,Annapurna Interactive,"May 16, 2024"
Telling Lies,9,"One Sided Conversation, LLC.",Annapurna Interactive,"Aug 23, 2019"
Renegade Ops,8.5,Avalanche Studios (SE),SEGA,"Sep 14, 2011"
Windbound,5,5 Lives Studios,Deep Silver,"Aug 28, 2020"
Mini Ninjas,4,Magic Pockets,Eidos Interactive,"Sep 8, 2009"
Solar Ash,7,Heart Machine,Annapurna Interactive,"Dec 2, 2021"
LEGO® Harry Potter: Years 5-7,8,Traveller's Tales,Warner Bros. Interactive,"Nov 11, 2011"
Tinykin,8,SplashTeam,TinyBuild Games,"Aug 30, 2022"
KINGDOM HEARTS HD 2.8 Final Chapter Prologue,7.5,Square Enix,Square Enix,"Jan 12, 2017"
Serious Sam 3 VR: BFE,7,Croteam,Devolver Digital,"Nov 22, 2011"
OlliOlli World,9,Roll7,Private Division,"Feb 8, 2022"
Frontlines™: Fuel of War™,7.8,THQ Studio Australia (Studio Oz),THQ,"Feb 15, 2008"
STAR WARS™ Episode I Racer,6,LucasArts,"Nintendo, LucasArts","May 19, 1999"
Disney Infinity 3.0: Gold Edition,8.9,Avalanche,Disney Interactive Studios,"Aug 30, 2015"
Sonic Colors: Ultimate,8,Sonic Team,SEGA,"Sep 7, 2021"
Front Mission Evolved,6,Double Helix,Square Enix,"Mar 28, 2010"
Space Hulk: Tactics,7.5,Cyanide Studio,Focus Home Interactive,"Oct 9, 2018"
Sonic the Hedgehog 4 - Episode II,6.5,Sonic Team,SEGA,"May 15, 2012"
Red Faction,9.1,Volition,THQ,"Feb 15, 2001"
No More Heroes 3,6,Grasshopper Manufacture,Marvelous Entertainment,"Aug 27, 2021"
Condemned: Criminal Origins,8.5,Monolith Productions,SEGA,"Nov 15, 2005"
Corpse Party,7,Team GrisGris,"5PB, Xseed Games","Aug 12, 2010"
The Park®,7,Funcom,Funcom,"May 3, 2016"
The Ball,7,Teotl Studios,Tripwire Interactive,"Oct 26, 2010"
Hunting Simulator 2,7,Neopica,Nacon,"Jun 25, 2020"
Sonic the Hedgehog 4 - Episode I,7.5,Sonic Team,SEGA,"Oct 7, 2010"
Flower,9,Bluepoint Games,"Sony Computer Entertainment, Annapurna Interactive","Feb 12, 2009"
Narita Boy,6,Studio Koba,Team17 Software,"Mar 30, 2021"
DRAGON QUEST BUILDERS,8.9,Square Enix Division 5,Square Enix,"Jan 28, 2016"
Escape Dead Island,6.8,Fatshark,Deep Silver,"Nov 18, 2014"
Shank 2,8.5,Klei Entertainment,Electronic Arts,"Feb 7, 2012"
The MISSING: J.J. Macfield and the Island of Memories,8,White Owls Inc.,ARC System Works,"Oct 11, 2018"
Moving Out 2,8,DevM Games,Team17 Software,"Aug 15, 2023"
Shank,7,Klei Entertainment,Electronic Arts,"Aug 24, 2010"
Gord,4,Covenant,Team17 Software,"Aug 8, 2023"
Eiyuden Chronicle: Rising,7,NatsumeAtari,505 Games,"May 10, 2022"
Way of the Samurai 3,6.5,Acquire,"Spike, Agetec, Rising Star Games, UFO Interactive, Ghostlight","Nov 13, 2008"
Hotshot Racing,7,Sumo Digital,Curve Digital,"Sep 10, 2020"
Atelier Escha & Logy: Alchemists of the Dusk Sky DX,7,Gust,"Koei Tecmo, Gust","Mar 7, 2014"
Red Orchestra: Ostfront 41-45,8.5,Tripwire Interactive,"Bold Games (Destineer), Excalibur Electronics","Mar 14, 2006"
Aliens versus Predator Classic 2000,8.2,Monolith Productions,"MacPlay, Sierra, Fox Interactive","Oct 30, 2001"
Sonic & SEGA All-Stars Racing,8,SEGA,"SEGA, Feral Interactive","Feb 23, 2010"
AFL 23,8,Big Ant Studios,Big Ant Studios,"Apr 13, 2023"
LARA CROFT AND THE TEMPLE OF OSIRIS™,8.1,Crystal Dynamics,"Square Enix, Feral Interactive","Dec 9, 2014"
Anomaly: Warzone Earth,8,11 Bit Studios,"Chillingo, 11 Bit Studios","Apr 8, 2011"
A Total War Saga: FALL OF THE SAMURAI,9,Creative Assembly,SEGA,"Mar 22, 2012"
Gungrave G.O.R.E,6,Iggymob,"Beep, Prime Matter","Nov 22, 2022"
ONINAKI,7.4,Tokyo RPG Factory,Square Enix,"Aug 22, 2019"
DRAGON QUEST TREASURES,7,Tose Software,Square Enix,"Dec 9, 2022"
Lead and Gold: Gangs of the Wild West,7,Fatshark,Paradox Interactive,"Apr 8, 2010"
Super Bomberman R,6.2,Konami,Konami,"Mar 3, 2017"
Hell Yeah! Wrath of the Dead Rabbit,4.9,Arkedo Studio,SEGA,"Sep 25, 2012"
Contra: Operation Galuga,6,WayForward,Konami,"Mar 12, 2024"
Werewolf: The Apocalypse - Earthblood,4,Cyanide Studio,Nacon,"Feb 4, 2021"
LEFT ALIVE™,3.8,Square Enix,Square Enix,"Feb 28, 2019"
The Unfinished Swan,9,Giant Sparrow,Sony Computer Entertainment,"Oct 23, 2012"
STAR WARS™: Rogue Squadron 3D,8.8,Factor 5,LucasArts,"Dec 3, 1998"
Lara Croft GO,8.5,Square Enix Montreal,Square Enix,"Aug 27, 2015"
Krater,5,Fatshark,Lace Mamba Global,"Jun 12, 2012"
Trek to Yomi,7,Flying Wild Hog,Devolver Digital,"May 5, 2022"
Shenmue III,5.9,Ys Net,Deep Silver,"Nov 19, 2019"
Ridge Racer™ Unbounded,8.5,Bugbear Entertainment,Bandai Namco Games,"Mar 27, 2012"
Thrillville®: Off the Rails™,4.5,DC Studios,LucasArts,"Oct 13, 2007"
Mr. Shifty,6.2,Team Shifty,TinyBuild Games,"Apr 13, 2017"
Killing Floor: Incursion,8,Tripwire Interactive,Tripwire Interactive,"Nov 14, 2017"
Bionic Commando,7.5,Capcom,Capcom,"May 19, 2009"
STAR WARS™: The Clone Wars - Republic Heroes™,5.5,Krome Studios,LucasArts,"Oct 6, 2009"
Black The Fall,6.5,Sand Sailor Studio,Square Enix Collective,"Jul 11, 2017"
Disney Infinity 1.0: Gold Edition,8.9,Avalanche,Disney Interactive Studios,"Aug 30, 2015"
Sniper Elite VR,6,Just Add Water Developments,Rebellion,"Jul 8, 2021"
YAIBA: NINJA GAIDEN Z,5.6,Spark Unlimited,Koei Tecmo,"Feb 27, 2014"
Disney Epic Mickey 2:  The Power of Two,6,Junction Point Studios,"Nintendo, Disney Interactive Studios","Nov 18, 2012"
Boomerang X,8,Dang,Devolver Digital,"Jul 8, 2021"
King of Seas,8,3DClouds.it,3DClouds.it,May 2021
LEGO® Indiana Jones™ 2: The Adventure Continues,6,Traveller's Tales,LucasArts,"Nov 17, 2009"
Atelier Totori ~The Adventurer of Arland~ DX,7.5,Gust,"NIS, Koei Tecmo, Gust","Jun 24, 2010"
1001 Spikes,8,8bits Fanatics,Nicalis,"Mar 31, 2014"
Disney Princess: Enchanted Journey,4,Papaya Studios,Disney Interactive Studios,"Oct 16, 2007"
Battlezone: Combat Commander,7.9,Pandemic Studios,Activision,None
Aarklash: Legacy,7.9,Cyanide Studio,"Cyanide Studio, Nacon","Sep 13, 2013"
Robinson: The Journey,5.5,Crytek Studios,Crytek Studios,"Nov 8, 2016"
Super Monkey Ball: Banana Blitz HD,8.3,SEGA CS1,SEGA,"Oct 29, 2019"
Company of Heroes: Opposing Fronts,8.8,Relic,THQ,"Sep 24, 2007"
Outpost Zero,8.8,None,"TinyBuild Games, TinyBuild Games","Jul 12, 2018"
Wargroove 2,8,Chucklefish,Chucklefish,"Oct 5, 2023"
Zeno Clash 2,8.4,ACE Team,"Atlus, Tripwire Interactive, ACE Team","Apr 21, 2009"
Virginia,8.5,Variable State,505 Games,"Sep 22, 2016"
Monster Jam Steel Titans 2,5,Rainbow Studios,THQ Nordic,"Mar 2, 2021"
The Lord of the Rings: Gollum™,4,Daedalic,"Daedalic, Nacon","May 25, 2023"
LOST SPHEAR,6.7,Tokyo RPG Factory,Square Enix,"Oct 12, 2017"
Marc Eckō's Getting Up: Contents Under Pressure,7,The Collective,Atari,"Feb 14, 2006"
Thief™ II: The Metal Age,9,Looking Glass,Eidos Interactive,"Mar 23, 2000"
Vampire: The Masquerade – Swansong,5,Big Bad Wolf,BigBen Interactive,"May 19, 2022"
YU-NO: A girl who chants love at the bound of this world,5,5PB,"5PB, Spike Chunsoft","Nov 17, 2016"
WrestleQuest,6,Mega Cat Studios,Skybound Games,"Aug 22, 2023"
The Artful Escape,8,Beethoven & Dinosaur,Annapurna Interactive,"Sep 9, 2021"
Dandy Ace,None,Mad Mimic,Neowiz,"Mar 25, 2021"
Takedown: Red Sabre,4,Serellan,505 Games,"Sep 20, 2013"
OlliOlli,7.7,Roll7,Roll7,"Jan 21, 2014"
Underworld Ascendant,3,OtherSide Entertainment,505 Games,"Nov 15, 2018"
Little King's Story,9.1,Cing Inc.,"Marvelous Entertainment, Rising Star Games, Xseed Games","Apr 24, 2009"
No More Heroes 2: Desperate Struggle,8.8,Grasshopper Manufacture,"Ubisoft, Marvelous Entertainment, Rising Star Games","Jan 26, 2010"
Crazy Taxi,6,SEGA,"SEGA, Acclaim Entertainment, Activision Value","Jan 27, 2000"
Warhammer Age of Sigmar: Storm Ground,5,Gasket Games,Focus Home Interactive,"May 27, 2021"
Quantum Conundrum,8,Airtight Games,Square Enix,"Jun 21, 2012"
Capes,8,Spitfire Interactive,Daedalic,"May 29, 2024"
Dreamfall: The Longest Journey,7.5,Funcom,"Empire Interactive, Aspyr","Apr 17, 2006"
Corpse Party: Book of Shadows,5.8,5PB,"5PB, Xseed Games","Sep 1, 2011"
nail'd,5.5,Techland,Deep Silver,"Nov 30, 2010"
Wattam,8,Funomena,Annapurna Interactive,"Dec 17, 2019"
Wizardry: Labyrinth of Lost Souls,5.5,Acquire,"Marvelous Entertainment, Acquire, Xseed Games","Jun 1, 2011"
Red Faction II,9.2,Outrage,"ACE (2), Ingram Entertainment, THQ","Oct 16, 2002"
Pepper Grinder,7,Ahr Ech,Devolver Digital,"Mar 28, 2024"
Judge Dredd: Dredd vs. Death,5,Rebellion,"Ingram Entertainment, Evolved Games","Oct 17, 2003"
TRON 2.0,8,Monolith Productions,"MacPlay, Buena Vista Interactive","Jun 30, 2003"
Bionic Commando: Rearmed,9.3,GRIN,Capcom,"Aug 13, 2008"
Stargate: Timekeepers,8,CreativeForge Games,Slitherine Software,"Jan 23, 2024"
PAC-MAN™ CHAMPIONSHIP EDITION 2,7.5,Bandai Namco Studios,Bandai Namco Games,"Sep 13, 2016"
Escape from Monkey Island™,8.7,LucasArts,LucasArts,"Nov 7, 2000"
Silent Storm Gold Edition,8.1,Nival Interactive,"Aspyr, Encore","Nov 8, 2005"
Atelier Meruru ~The Apprentice of Arland~ DX,6,Gust,"NIS, Koei Tecmo","May 25, 2012"
Medieval II: Total War™ Kingdoms,8.4,Creative Assembly,SEGA,"Aug 28, 2007"
GUILTY GEAR 2 -OVERTURE-,5.5,ARC System Works,"ARC System Works, Aksys Games, 505 Games","Oct 9, 2008"
NiGHTS Into Dreams,8.7,Sonic Team,SEGA,"Aug 1, 1996"
I Am Dead,8,Hollow Ponds,Annapurna Interactive,"Oct 8, 2020"
SUPER BOMBERMAN R 2,7,Konami,Konami,"Sep 12, 2023"
Faery - Legends of Avalon,7,Spiders,Focus Home Interactive,"Nov 10, 2010"
BALAN WONDERWORLD,4,Balan Company,Square Enix,"Mar 26, 2021"
Maquette,7,Graceful Decay,Annapurna Interactive,"Mar 2, 2021"
THE QUIET MAN™,5.5,Human Head Studios,Square Enix,"Nov 1, 2018"
Romance of the Three Kingdoms VII with Power Up Kit,8.5,Koei,Koei,"Aug 31, 2000"
Mineko's Night Market,5,Meowza,"Humble Bundle, Meowza","Sep 26, 2023"
Disney Universe,7,None,"Disney Interactive Studios, Disney Interactive Studios","Oct 25, 2011"
Hitman GO: Definitive Edition,8,Hangar 13,2K Games,"Sep 25, 2020"
Bullet Witch,4,Marvelous Entertainment,"Ingram Entertainment, Atari, AQ Interactive, Xseed Games","Aug 16, 2006"
OlliOlli2: Welcome to Olliwood,9,Roll7,"Team17 Software, Devolver Digital, Roll7","Mar 3, 2015"
Stray Blade,5,Point Blank,505 Games,"Apr 20, 2023"
The Longest Journey,9.3,Funcom,Funcom,"Nov 17, 2000"
Thief: Deadly Shadows,8.3,Ion Storm,Eidos Interactive,"May 11, 2004"
Outcast 1.1,8.5,Appeal,Infogrames,"Feb 9, 1998"
Tomb Raider VI: The Angel of Darkness (2003),5.3,CORE Design Limited,"Eidos Interactive, Aspyr","Jun 20, 2003"
After Us,5,Piccolo Studio,Private Division,"May 28, 2023"
MX vs. ATV Unleashed,7.5,Rainbow Studios,"THQ, THQ Wireless, THQ Nordic","Mar 15, 2005"
Battlestations: Midway,8.5,Eidos Interactive,"Eidos Interactive, SCi Entertainment Group","Jan 30, 2007"
Disintegration,6,V1 Interactive,Private Division,"Jun 16, 2020"
The Inquisitor,6,The Dust,Kalypso Media,"Feb 8, 2024"
TEMBO THE BADASS ELEPHANT,7,Game Freak,SEGA,"Jul 21, 2015"
Act of War: Direct Action,8.5,Eugen Systems,Atari,"Mar 15, 2005"
Serious Sam Double D XXL,7,Mommy's Best Games,Croteam,"Aug 30, 2011"
The Occupation,5.9,White Paper Games,"Humble Bundle, White Paper Games","Mar 5, 2019"
Olija,7,Skeleton Crew Studio,Skeleton Crew Studio,"Jan 28, 2021"
Original War,4.5,ALTAR Games,Virgin Interactive,None
The Valiant,6,Kite Games,THQ Nordic,"Oct 19, 2022"
Anomaly 2,8,11 Bit Studios,"TBA, 11 Bit Studios","May 15, 2013"
Deus Ex: Invisible War,9,Ion Storm,Eidos Interactive,"Dec 2, 2003"
Tomb Raider IV: The Last Revelation (1999),8.5,CORE Design Limited,"Eidos Interactive, Aspyr","Nov 22, 1999"
STAR WARS™ - X-Wing Alliance™,8.2,Totally Games,LucasArts,"Mar 24, 1999"
Chaser,7.5,Cauldron,"Encore, Fishtank Interactive",None
Dungeon Siege,8.5,Gas Powered Games,"Microsoft, MacSoft, Bold Games (Destineer)","Apr 4, 2002"
Desperados: Wanted Dead or Alive,8.1,Spellbound,Infogrames,"Jan 1, 1999"
R.A.W. Realms of Ancient War,5.5,Wizarbox,Focus Home Interactive,"Sep 19, 2012"
Guilty Gear X2 #Reload,9,ARC System Works,"ARC System Works, Sammy Corporation","Dec 31, 2002"
de Blob,8.4,Blue Tongue,"THQ, THQ Nordic","Sep 22, 2008"
Not The Robots,6.5,None,None,"Dec 12, 2013"
Painkiller Overdose,7,Mindware Studios,"JoWooD Entertainment AG, DreamCatcher Interactive","Oct 23, 2007"
Disney Infinity 2.0: Gold Edition,6.8,Avalanche,Disney Interactive Studios,"Sep 23, 2014"
STAR WARS™ SHADOWS OF THE EMPIRE™,6.5,LucasArts,"Nintendo, LucasArts","Dec 3, 1996"
Matchpoint - Tennis Championships,5,Torus Games,Kalypso Media,"Jul 7, 2022"
Disney Alice in Wonderland,8,Digital Eclipse,Nintendo,"Sep 28, 2000"
Conflict Desert Storm™,5.5,SCi Entertainment Group,"Gotham Games, Synergenix","Apr 30, 2002"
NightSky,7.5,Nicalis,Nicalis,"Jan 6, 2011"
Sphinx and the Cursed Mummy,8.5,Eurocom,"THQ, THQ Nordic","Nov 10, 2003"
Double Dragon IV,3.5,ARC System Works,ARC System Works,"Jan 30, 2017"
Monster Truck Championship,7,Teyon,Nacon,"Oct 15, 2020"
Last Stop,6,Variable State,Annapurna Interactive,"Jul 22, 2021"
Open Roads,6,Open Roads Team,Annapurna Interactive,"Mar 28, 2024"
Hamilton's Great Adventure,7,Fatshark,Fatshark,"May 31, 2011"
STAR WARS™ Starfighter™,9,LucasArts,"ACE (2), Fillpoint, LucasArts, Tsunami Visual","Feb 20, 2001"
Romance of the Three Kingdoms VIII with Power Up Kit,9,Koei,Koei,"Jan 24, 2002"
Legacy of Kain: Defiance,8,Crystal Dynamics,Eidos Interactive,"Nov 11, 2003"
Armed and Dangerous®,8.2,Planet Moon Studios,LucasArts,"Dec 2, 2003"
SEGA Bass Fishing,8.5,Unknown,"SEGA, Fillpoint","Apr 1, 1999"
Inversion™,5.5,Saber Interactive,Bandai Namco Games,"Jun 5, 2012"
Rocket Knight,7.5,Climax Studios,Konami,"May 11, 2010"
Tomb Raider V: Chronicles (2000),6.5,CORE Design Limited,"Sony Computer Entertainment, Eidos Interactive, Aspyr","Nov 24, 2000"
Xeodrifter™,6.5,Renegade Kid,Renegade Kid,"Dec 11, 2014"
Men of Valor,6.8,2015,"Aspyr, Vivendi Games","Oct 1, 2004"
Painkiller: Resurrection,2.6,Homegrown Games,DreamCatcher Interactive,"Oct 29, 2009"
Thirsty Suitors,8,Outerloop Games,Annapurna Interactive,"Nov 2, 2023"
Dungeon Siege II,8.5,Gas Powered Games,"Take-Two Interactive, Microsoft","Aug 16, 2005"
LostWinds,8.2,Frontier Developments,"Square Enix, Frontier Developments","May 12, 2008"
Stranded,8.2,Glu Mobile,Glu Mobile,"Aug 8, 2006"
Disney Pirates of the Caribbean: At Worlds End,6.5,Amaze Entertainment,Disney Interactive Studios,"May 22, 2007"
Silver,7.9,Spiral House,Infogrames,"Sep 29, 1999"
Alone in the Dark 1,6,Pieces Interactive,THQ Nordic,"Mar 20, 2024"
Full Spectrum Warrior,8,Mass Media,"THQ, THQ Wireless","Jun 1, 2004"
Magnetic: Cage Closed,6.5,Guru Games,Gambitious Digital Entertainment,"May 26, 2015"
Combat Wings: Battle of Britain,7,CI Games,Navarre,"Feb 8, 2008"
GUILTY GEAR,7,ARC System Works,"ARC System Works, Sammy Corporation","Dec 14, 2000"
Indiana Jones® and the Emperor's Tomb™,6.6,The Collective,"Aspyr, LucasArts","Feb 18, 2003"
Serious Sam Classic: The First Encounter,9,Croteam,"Global Star, Gathering of Developers (aka GOD Games)","Mar 23, 2001"
Guilty Gear Isuka,7.2,ARC System Works,"SourceNext, 505 Games, Sammy Corporation","Jul 29, 2004"
Project: Snowblind,8,Crystal Dynamics,Eidos Interactive,"Feb 22, 2005"
Anarchy Online,7.2,Funcom,Funcom,"Jun 27, 2001"
Miner Wars 2081,5,Keen Software House,Keen Software House,"Nov 28, 2012"
Serious Sam: The Random Encounter,7,Vlambeer,Croteam,"Oct 24, 2011"
Sniper Art of Victory,3,CI Games,"CI Games, Navarre","Jun 13, 2008"
"Codename: Panzers, Phase One",8.3,Stormregion,"Nordic Games Publishing, cdv Software Entertainment","Sep 30, 2004"
Alone in the Dark: The New Nightmare,7.3,Darkworks,Infogrames,"Jun 15, 2001"
Battlerite Royale,8,Stunlock Studios,Coffee Stain,"Sep 26, 2018"
Company of Heroes 2 - Ardennes Assault,8.2,Relic,SEGA,"Nov 18, 2014"
UFO: Afterlight,7.4,ALTAR Games,"TopWare Interactive, Cenega","Feb 9, 2007"
The Club™,6.9,Bizarre Creations,SEGA,"Feb 7, 2008"
Full Spectrum Warrior: Ten Hammers,8.2,Mass Media,"Sony Computer Entertainment, THQ","Mar 27, 2006"
Indiana Jones® and the Infernal Machine™,8,LucasArts,LucasArts,"Nov 23, 1999"
Carmageddon 2: Carpocalypse Now,7,Stainless Games,Interplay,"Dec 9, 1998"
Xpand Rally,8,Techland,"TopWare Interactive, MicroMouse","Oct 21, 2004"
de Blob 2,8,Blue Tongue,"THQ, THQ Nordic","Feb 22, 2011"
CONTRA: ROGUE CORPS,4,Toylogic,Konami,"Sep 24, 2019"
Summoner,7.6,Volition,THQ,"Oct 24, 2000"
Ion Assault,7.8,Coreplay,"Black Inc., BitComposer Games","Sep 23, 2009"
Alone in the Dark 2,6,Infogrames,"Infogrames, MacPlay, Interplay, THQ","Dec 31, 1994"
Gyromancer,8.3,Square Enix,Square Enix,"Nov 18, 2009"
Second Sight,7.9,Free Radical Design,Codemasters,"Sep 3, 2004"
Omikron: The Nomad Soul,8.5,Quantic Dream,"Ingram Entertainment, Fillpoint, Eidos Interactive","Nov 5, 1999"
Silverfall,5.5,Monte Cristo,"Atari, Take-Two Interactive, Monte Cristo","Mar 9, 2007"
Joe Danger,9.5,Four Door Lemon,Hello Games,"Jun 8, 2010"
Pound of Ground,3.5,Centauri Production,Bohemia Interactive,"Nov 5, 2010"
Z Steel Soldiers,7.8,Bitmap Brothers,EON Digital Entertainment,"Jun 15, 2001"
AquaNox,7,Massive Entertainment,Fishtank Interactive,"Nov 30, 2001"
Conflict: Denied Ops,4,Pivotal Games,Eidos Interactive,"Feb 8, 2008"
"Runaway, The Dream of The Turtle",7.2,Cyanide Studio,"TBA, Focus Home Interactive, SouthPeak Games, BulkyPix, cdv Software Entertainment, Ascaron Entertainment","Mar 16, 2007"
Helldorado,5.7,Spellbound,"Viva Media, Nobilis","Nov 30, 2007"
Desperados 2: Cooper's Revenge,7.1,Spellbound,"Ingram Entertainment, Atari","Apr 28, 2006"
LostWinds 2: Winter of the Melodias,9.1,Frontier Developments,Frontier Developments,"Oct 9, 2009"
SolSeraph,6.5,ACE Team,SEGA,"Jul 10, 2019"
Hohokum,8.8,Honeyslug,"Sony Computer Entertainment, Annapurna Interactive","Dec 31, 2010"
Rush for Berlin Gold,8,Stormregion,"Ingram Entertainment, Deep Silver, Paradox Interactive","May 26, 2006"
Pandemonium,6.6,Crystal Dynamics,"Bandai, Electronic Arts, Eidos Interactive","Nov 1, 1996"
Carmageddon TDR 2000,5.8,Torus Games,"Xicat Interactive, SCi Entertainment Group","Dec 1, 2000"
Rogue Trooper,8,Rebellion,"Eidos Interactive, Graffiti Entertainment, Reef Entertainment","Apr 21, 2006"
"Codename: Panzers, Phase Two",8.5,Stormregion,cdv Software Entertainment,"Jul 25, 2005"
Company of Heroes 2 - The British Forces,8,Relic,SEGA,"Sep 3, 2015"
Stealth Inc 2: A Game of Clones,8.5,Curve Digital,Curve Digital,"Oct 30, 2014"
MoonBase Commander,8,Humongous,Infogrames,"Aug 13, 2002"
Cold War,5.8,Mindware Studios,DreamCatcher Interactive,"Sep 27, 2005"
Joe Danger 2: The Movie,8,Four Door Lemon,"Microsoft, Hello Games","Sep 14, 2012"
Warplan Pacific,7.4,KE Studios,Shrapnel Games,"Nov 20, 2008"
Velocity®Ultra,8.4,Curve Digital,"Futurlab, Curve Digital","May 15, 2013"
Dark Fall: The Journal,7.8,The Adventure Company,DreamCatcher Interactive,"Jul 23, 2003"
Aura: Fate of the Ages,7.3,Streko-Graphics,"The Adventure Company, DreamCatcher Interactive","Jun 24, 2004"
Lucidity™,6.3,None,"LucasArts, LucasArts","Oct 7, 2009"
Ground Control II: Operation Exodus,8.8,Massive Entertainment,"Vivendi Games, NDA Productions","Jun 22, 2004"
Metal: Hellsinger VR,7,The Outsiders,Funcom,"Sep 15, 2022"
Disney Fairies: Tinker Bell's Adventure,5.5,Genius Sonority,Disney Interactive Studios,"Oct 28, 2008"
March to Glory,5.7,Collision Studios,Warner Bros. Interactive,"Feb 27, 2007"
Legion Gold,4,Paradox Entertainment,"Strategy First, 1C Company","May 22, 2003"
AquaNox 2: Revelation,6,Massive Development,"JoWooD Entertainment AG, Encore","Aug 19, 2003"
Disney High School Musical 3: Senior Year Dance,7,Zoe Mode,Disney Interactive Studios,"Feb 17, 2009"
Waking,2,JOda,TinyBuild Games,"Jun 18, 2020"
Disney's Chicken Little: Ace in Action,7.5,Avalanche,Buena Vista Games,"Nov 21, 2006"
Murasaki,7.5,Ovosonico,Ovosonico,"Sep 16, 2014"
World War Zero,7.4,Saber Interactive,Focus Home Interactive,"Apr 16, 2019"
