name,score
Black Myth: Wukong,81
Dota 2,90
Apex Legends™,88
Counter-Strike 2,82
Destiny 2,83
Baldur's Gate 3,96
Warframe,69
Cyberpunk 2077,86
ELDEN RING,94
Grand Theft Auto V,96
HELLDIVERS™ 2,83
Call of Duty®,91
Lost Ark,81
Red Dead Redemption 2,93
Team Fortress 2,92
The Witcher 3: Wild Hunt,93
Left 4 Dead 2,89
Hogwarts Legacy,83
Tom Clancy's Rainbow Six® Siege,79
Monster Hunter: World,88
Sid Meier’s Civilization® VI,88
Forza Horizon 5,91
Fallout 4,84
The Elder Scrolls V: Skyrim Special Edition,74
Forza Horizon 4,88
Divinity: Original Sin 2 - Definitive Edition,95
Starfield,85
Call of Duty®: Black Ops III,73
DARK SOULS™ III,89
EA SPORTS FC™ 24,79
Far Cry® 5,78
Battlefield™ 2042,68
It Takes Two,89
DOOM Eternal,88
Portal 2,95
Dragon's Dogma 2,88
Cities: Skylines,85
Resident Evil 4,91
FOR HONOR™,76
The Sims™ 4,70
STAR WARS Jedi: Fallen Order™,81
Assassin's Creed® Odyssey,86
Sid Meier's Civilization® V,90
Hearts of Iron IV,83
Borderlands 3,81
STAR WARS Jedi: Survivor™,78
Counter-Strike: Source,88
STAR WARS™: The Old Republic™,85
Tom Clancy's Ghost Recon® Wildlands,69
Half-Life: Alyx,93
Crusader Kings III,91
Street Fighter™ 6,92
Marvel’s Spider-Man Remastered,87
ARMORED CORE™ VI FIRES OF RUBICON™,86
God of War,93
DOOM,85
Battlefield™ V,81
Devil May Cry 5,89
EA SPORTS FC™ 25,71
Tom Clancy’s The Division™,79
Watch_Dogs® 2,75
Resident Evil 2,89
Borderlands 2,89
Grounded,83
Borderlands: The Pre-Sequel,75
DRAGON BALL: Sparking! ZERO,83
Stellaris,78
MONSTER HUNTER RISE,86
Assassin's Creed® Origins,84
XCOM® 2,88
Ghost of Tsushima DIRECTOR'S CUT,89
Call of Duty®: Black Ops,81
Age of Empires II: Definitive Edition,84
Call of Duty®: WWII,73
Cities: Skylines II,74
The Elder Scrolls® Online,71
Call of Duty®: Modern Warfare® III,58
Ori and the Will of the Wisps,88
Dishonored 2,86
Halo Infinite,80
Fallout 76,52
Portal,90
The Last of Us™ Part I,59
CODE VEIN,72
Far Cry® 4,80
Call of Duty®: Black Ops II,74
Days Gone,76
TEKKEN 8,91
Far Cry 3,88
BioShock Infinite,94
Victoria 3,81
Battlefield™ 1,88
Assassin's Creed® Unity,70
Mass Effect™ Legendary Edition,86
Back 4 Blood,77
Resident Evil 7 Biohazard,83
Dead Space,87
Resident Evil Village,83
Fallout: New Vegas,84
Half-Life 2,96
Horizon Zero Dawn™ Complete Edition,84
Mortal Kombat 11,82
Europa Universalis IV,87
Marvel’s Spider-Man: Miles Morales,88
THRONE AND LIBERTY,74
Call of Duty®: Modern Warfare® 2 (2009),86
Titanfall® 2,86
South Park™: The Stick of Truth™,85
DARK SOULS™ II: Scholar of the First Sin,79
LEGO® Star Wars™: The Skywalker Saga,78
Watch_Dogs™,77
Mad Max,73
Age of Empires II (Retired),81
DRAGON BALL FighterZ,85
Tiny Tina's Wonderlands,78
Crusader Kings II,82
Mortal Kombat X,76
Wolfenstein: The New Order,81
Wolfenstein II: The New Colossus,86
Anno 1800,81
SPORE™,84
Mafia: Definitive Edition,78
Call of Duty®: Modern Warfare® Remastered (2017),86
Age of Empires® III (2007),81
Mortal Kombat 1,82
Prey,82
XCOM: Enemy Unknown,89
Horizon Forbidden West™ Complete Edition,89
Counter-Strike,88
Divinity: Original Sin - Enhanced Edition,94
F1® 23,81
Far Cry® Primal,74
ACE COMBAT™ 7: SKIES UNKNOWN,78
Sid Meier's Civilization®: Beyond Earth™,81
Call of Duty: World at War,83
Mirror's Edge™,81
Prison Architect,83
Dishonored,91
Call of Duty®: Infinite Warfare,73
NBA 2K25,75
Call of Duty®: Modern Warfare® 3 (2011),78
Age of Wonders 4,83
Tales of Arise,84
Assassin's Creed 2,79
Crash Bandicoot™ N. Sane Trilogy,76
The Elder Scrolls V: Skyrim VR,81
STAR WARS™: Squadrons,79
Ori and the Blind Forest,88
Resident Evil 3,77
Assassin's Creed Valhalla,82
Need for Speed™ Unbound,73
Assassin's Creed® Syndicate,74
South Park™: The Fractured But Whole™,81
DRAGON BALL XENOVERSE 2,78
Pillars of Eternity,89
The Sims™ 3,86
STAR WARS™ Battlefront™ II,65
Max Payne 3,87
DEATHLOOP,87
Street Fighter V,74
Marvel's Midnight Suns,83
Half-Life,96
Ori and the Blind Forest: Definitive Edition,88
Spyro™ Reignited Trilogy,75
God of War Ragnarök,90
Battlefield 4™,81
UNCHARTED™: Legacy of Thieves Collection,87
Age of Mythology: Extended Edition,66
Age of Empires III: Definitive Edition,75
Steep™,72
Ratchet & Clank: Rift Apart,86
Far Cry® New Dawn,73
Call of Duty®: Black Ops Cold War,76
Gears 5,82
Call of Duty® 4: Modern Warfare® (2007),92
BATTLETECH,78
Hi-Fi RUSH,90
Fallout Shelter,63
Tom Clancy’s Splinter Cell Blacklist,82
Quantum Break,66
Dead Space (2008),86
The Evil Within 2,80
Surviving Mars,76
The Witcher: Enhanced Edition Director's Cut,86
A Way Out,78
NARUTO TO BORUTO: SHINOBI STRIKER,66
Tom Clancy's Ghost Recon® Breakpoint,58
Far Cry® 6,74
Call of Duty®: Ghosts,68
Phoenix Wright: Ace Attorney Trilogy,80
Imperator: Rome,76
Bully: Scholarship Edition,72
Anno 2070™,83
Mass Effect (2007),94
Assassin’s Creed® Brotherhood,88
Call of Duty®: Modern Warfare® II,79
Left 4 Dead,89
The Callisto Protocol™,68
F1® 24,72
Age of Mythology: Retold,83
Magicka,74
PGA TOUR 2K23,78
Ghostwire: Tokyo,77
Command & Conquer™ Remastered Collection,82
Fallout 4 VR,78
Call of Duty®: Modern Warfare®,81
Dead Space™ 2,87
The Crew™ 2,66
Mafia II: Definitive Edition,72
The Evil Within,68
WWE 2K23,79
Age of Wonders: Planetfall,81
Tyranny,80
Command & Conquer™ Red Alert™ 3,82
Tales from the Borderlands,69
MultiVersus,75
Suicide Squad: Kill the Justice League,63
RAGE 2,73
Assassin's Creed® Revelations,80
Tom Clancy’s The Division® 2,84
Prototype 2,76
Forza Motorsport,83
Resident Evil,84
Plants vs. Zombies™ Garden Warfare 2: Deluxe Edition,82
RAGE,79
Minecraft Dungeons,70
Monster Hunter Stories 2: Wings of Ruin,82
Wolfenstein: The Old Blood,76
WWE 2K24,78
Dragon Age™ Inquisition,85
Thronebreaker: The Witcher Tales,85
Gotham Knights,66
Alice: Madness Returns,75
Microsoft Flight Simulator X: Steam Edition,80
Assassin’s Creed® Rogue,74
SPORE™ Galactic Adventures,70
WILD HEARTS™,75
Age of Wonders III,80
Vampire: The Masquerade - Bloodlines,80
Returnal™,86
Plants vs. Zombies: Battle for Neighborville™,77
Steel Division: Normandy 44,83
Devil May Cry 4 Special Edition,72
Command & Conquer 3 Tiberium Wars™,85
Rayman® Legends,89
Magicka 2,69
Might & Magic: Heroes VI,77
Day of Defeat: Source,80
EA SPORTS™ WRC 24,79
Far Cry 3 - Blood Dragon,81
PGA TOUR 2K21,74
GWENT: The Witcher Card Game,80
Gears Tactics,80
Wolfenstein: Youngblood,69
Sunset Overdrive,83
Far Cry® 2,85
The Darkness II,77
Age of Empires: Definitive Edition,69
Anno 2205™,72
The Great Ace Attorney Chronicles,83
JoJo's Bizarre Adventure: All-Star Battle R,70
Need for Speed™ Payback,62
Victoria II,75
Psychonauts 2,89
Might & Magic® Heroes® VII,67
Okami HD,92
Star Trek™: Bridge Crew,78
XCOM®: Chimera Squad,77
DOOM 3,87
Command & Conquer™ 3: Kane’s Wrath,77
Command & Conquer: Red Alert 3 - Uprising,64
Dust: An Elysian Tail,85
Fallout 3,91
Senua’s Saga: Hellblade II,81
Surviving the Aftermath,67
State of Decay: YOSE,69
Dishonored®: Death of the Outsider™,81
Need for Speed™,68
Sackboy™: A Big Adventure,81
Shadowrun Returns,76
Mega Man Battle Network Legacy Collection Vol. 1,80
Super Robot Wars 30,79
Call of Duty®: Vanguard,72
Fable - The Lost Chapters,83
Watch Dogs®: Legion,72
SD GUNDAM BATTLE ALLIANCE,71
Need for Speed™ Most Wanted,78
The Bureau: XCOM Declassified,66
Max Payne,89
Empire of Sin,63
Dead Space™ 3,78
Half-Life 2: Episode Two,90
Battlefield 3™,89
Counter-Strike: Condition Zero,65
Medal of Honor™,72
Apollo Justice: Ace Attorney Trilogy,75
Far Cry®,89
.hack//G.U. Last Recode,69
Tom Clancy's Ghost Recon: Future Soldier™,71
TrackMania² Stadium,77
Tom Clancy's Splinter Cell Conviction™,83
Tom Clancy's Rainbow Six® Vegas 2,78
NARUTO X BORUTO Ultimate Ninja STORM CONNECTIONS,58
Exoprimal,68
Deadlight,78
Dark Messiah of Might & Magic,72
From Dust,76
Pentiment,88
Crash Bandicoot™ 4: It’s About Time,83
Minecraft Legends,65
Need for Speed™ Hot Pursuit Remastered,74
Mafia,88
Trials Evolution: Gold Edition,85
EA SPORTS™ PGA TOUR™,72
Singularity™,76
Unravel Two,76
Quake,94
Mirror's Edge™ Catalyst,74
Call of Duty: United Offensive,87
Star Trek: Infinite,65
Duke Nukem Forever,54
Resident Evil Revelations 2,74
The Crew Motorfest,76
Trackmania,74
Shadowrun: Dragonfall - Director's Cut,87
Dead Rising Deluxe Remaster,78
Millennia,68
Divinity: Dragon Commander,76
Half-Life 2: Episode One,87
Child of Light,77
Trials Fusion™,80
Rayman® Origins,86
Tony Hawk's™ Pro Skater™ 1 + 2,88
DRAGON BALL: THE BREAKERS,53
MARVEL vs. CAPCOM Fighting Collection: Arcade Classics,86
TrackMania² Canyon,81
Heroes of Might & Magic V,77
Trackmania® Turbo,79
Ghost Trick: Phantom Detective,90
FIFA 22,73
Call of Duty® 2,86
Tell Me Why,75
Crysis Warhead®,84
Tom Clancy's Splinter Cell Chaos Theory®,92
Immortals Fenyx Rising,79
GRID Legends,75
Capcom Fighting Collection,79
Thunder Tier One,65
Redfall,53
Ara: History Untold,75
DOOM Eternal: The Ancient Gods - Part Two,78
Hearts of Iron III,77
New Tales from the Borderlands,69
Ace Attorney Investigations Collection,82
Avatar: Frontiers of Pandora™,72
DOOM Eternal: The Ancient Gods - Part One,79
Grow Home,75
Quake 4,81
Medal of Honor™: Above and Beyond,66
I Am Alive,66
Immortals of Aveum™,65
Need for Speed™ Rivals,76
F.E.A.R. 2: Project Origin,79
Sid Meier's Pirates!,88
Sid Meier's Starships,64
Harry Potter: Quidditch Champions,63
Until Dawn™,76
Lost in Random™,78
Tom Clancy's Splinter Cell®,91
The Golf Club™ 2019 featuring PGA TOUR,72
Trials® Rising,83
Return to Castle Wolfenstein,88
DOOM VFR,69
Mega Man Battle Network Legacy Collection Vol. 2,80
Sid Meier's Civilization IV: Colonization,83
Super Mega Baseball 3,80
LEGO® 2K Drive,74
Call of Duty® (2003),86
Kunitsu-Gami: Path of the Goddess,85
Assassin’s Creed® Liberation HD,66
Might & Magic X - Legacy,71
Manhunt,75
Half-Life: Blue Shift,71
Tom Clancy’s Rainbow Six® Extraction,69
The Elder Scrolls Online: Gold Road,77
L.A. Noire: The VR Case Files,82
Max Payne 2: The Fall of Max Payne,86
ShootMania Storm,76
Unravel,81
STAR WARS™ Battlefront,72
The Lamplighters League,73
F.E.A.R.,88
Command & Conquer™ Generals,84
Command & Conquer™ Generals Zero Hour,83
The Elder Scrolls®: Legends™,80
Warlock - Master of the Arcane,71
Command & Conquer Renegade™,75
Cities in Motion,70
As Dusk Falls,76
Prince of Persia®,82
Prince of Persia®: The Sands of Time,89
Cities in Motion 2,72
Sid Meier's Railroads!,77
Battlefield™ Hardline,71
Resident Evil Re:Verse,77
Super Mega Baseball™ 4,79
Ship Simulator Extremes,49
Monster Hunter Stories,79
Halo: Spartan Assault,70
Klonoa Phantasy Reverie Series,76
Heroes of Might & Magic V: Tribes of the East,70
Prince of Persia The Lost Crown,85
Tom Clancy's Rainbow Six® Vegas,85
TrackMania² Valley,79
PAC-MAN WORLD Re-PAC,74
Prince of Persia: The Forgotten Sands™,75
Skull and Bones,58
Grow Up,71
Prince of Persia: Warrior Within™,83
Fallout Tactics: Brotherhood of Steel,82
Call of Cthulhu®: Dark Corners of the Earth,76
Brothers in Arms: Earned in Blood™,84
Tom Clancy's EndWar™,68
Silent Hunter® III,90
Capcom Arcade 2nd Stadium,76
Scott Pilgrim vs. The World™: The Game – Complete Edition,75
Warlock 2: The Exiled,73
Ghosts 'n Goblins Resurrection,69
SPORE™ Creepy & Cute Parts Pack,53
Everybody's Gone to the Rapture,76
The Settlers: New Allies,54
Teleglitch: Die More Edition,78
Silent Hunter 5®: Battle of the Atlantic,62
Hunted: The Demon’s Forge™,61
Prince of Persia: The Two Thrones™,85
The Settlers® 7 : History Edition,62
Eagle Flight,74
Day of Defeat,79
Sid Meier's Civilization® IV,94
Rayman Raving Rabbids™,58
Beyond Good & Evil - 20th Anniversary Edition,80
Tom Clancy's Splinter Cell Double Agent®,80
Knights of Honor,77
Silent Hunter®: Wolves of the Pacific,79
Ancient Space,68
Super Lucky's Tale,59
Caesar™ 3,74
Darkest Hour: A Hearts of Iron Game,81
Brothers in Arms: Hell's Highway™,79
GUN™,76
Driver® Parallel Lines,61
Tom Clancy's Ghost Recon®,80
Insanely Twisted Shadow Planet,76
Civilization IV: Beyond the Sword,86
Cold Fear™,66
The Witcher Adventure Game,68
Tales of Kenzera™: ZAU,76
Trackmania² Lagoon,77
ATOMEGA,65
Bloody Good Time,73
Caesar™ IV,74
The Saboteur™,76
Brothers in Arms: Road to Hill 30™,87
Tom Clancy's Rainbow Six Lockdown™,59
King Arthur - The Role-playing Wargame,79
Watchmen: The End is Nigh,61
March of the Eagles,71
Arcanum: Of Steamworks and Magick Obscura,81
Rogue Warrior,29
Transference™,78
DeathSpank,77
Halo: Spartan Strike,66
Warp,75
Divine Divinity,81
Railroad Tycoon 3,80
Impire,45
Geometry Wars: Retro Evolved,76
A Game of Dwarves,60
Freedom Force,90
Heroes of Might & Magic V: Hammers of Fate,66
Wolfenstein: Cyberpilot,54
Sea of Solitude,64
Age of Wonders Shadow Magic,82
DeathSpank: Thongs of Virtue,78
SimCity™ 3000 Unlimited,77
Kalimba,81
Sengoku,70
Fe,73
The Misadventures of P.B. Winterbottom,79
SPY×ANYA: Operation Memories,72
Watchmen: The End is Nigh Part 2,44
Champions of Anteria™,67
Vampire: The Masquerade - Redemption,74
Age of Wonders II: The Wizard's Throne,86
CivCity: Rome,67
Trials of the Blood Dragon,54
Freedom Force vs. the Third Reich,86
King Arthur II: The Role-Playing Wargame,66
Sid Meier’s Ace Patrol,71
Army Men RTS,67
X-COM: Enforcer,65
Sid Meier’s Ace Patrol: Pacific Skies,59
Civilization IV®: Warlords,84
Beyond Divinity,73
Call to Power II,72
Galaxy of Pen & Paper +1,65
Tom Clancy's Ghost Recon® Island Thunder™,82
Roller Champions™,69
The Sum of All Fears,72
Tom Clancy's Ghost Recon® Desert Siege™,82
"Gabriel Knight® 3: Blood of the Sacred, Blood of the Damned",80
Shattered Union,67
Europa Universalis III: Divine Wind,71
King Arthur: Fallen Champions,54
BRINK,70
Need for Speed: Shift,83
Call of Duty®: Warzone™,80
Hearts of Iron III: Semper Fi,65
Monster Hunter Rise: Sunbreak Demo,86
Artifact,76
Divinity: Original Sin (Classic),93
State of Decay,79
Need For Speed: Hot Pursuit,86
Shift 2 Unleashed,84
Alien Swarm,77
BioShock® 2,88
BioShock™,96
Command & Conquer™ 4 Tiberian Twilight,64
